6926	01 Messen & Anzeichnen	Distanzmesser	3	FLEX Laser Distanzmesser ADM 30 Smart	Kompakter Laser-Distanzmesser für schnelles Aufmass im Innenbereich.
7315	01 Messen & Anzeichnen	Kreuzlinienlaser	4	FLEX Aktion Selbstnivellierender Kreuzlinien-Laser ALC 3/1-G/R	Präziser, gut sichtbarer Kreuzlinienlaser mit grüner Laserdiode und Lot.
6108	01 Messen & Anzeichnen	Linienlaser	5	FLEX  Aktion Akku Linienlaser 360° ALC3/360-G/R 12 Volt	Präzise 360°-Kreuzlinien für schnelles Ausrichten von Fliesenspiegeln.
7374	01 Messen & Anzeichnen	Marker & Stifte	3	Lyra Zimmermannstifte 333, flachoval	Robuster Zimmermannstift für präzise Markierungen auf Holz.
7377	01 Messen & Anzeichnen	Marker & Stifte	3	Lyra Universalschreiber, wachshaltige Mine	Vielseitiger Markierstift für glatte Oberflächen, leicht entfernbar.
1080	01 Messen & Anzeichnen	Marker / Anschreiber	3	Pentel NN50 Filzstift	Wasserfester Filzstift zum sauberen Anzeichnen auf der Baustelle.
6152	01 Messen & Anzeichnen	Rollmeter	4	KRAFTWERK Profi-Rollmeter 5m x 27mm	Robustes 5-m-Massband mit magnetischem Endhaken für den täglichen Einsatz.
7396	01 Messen & Anzeichnen	Schlagschnurgerät	3	Lyra Cosmos Line Alu fast rewind Schlagschnurgerät	Zieht gerade Anschlaglinien auf Wand, Decke und Boden, schnelle Rückspulung.
7397	01 Messen & Anzeichnen	Schlagschnurpulver	2	Lyra Schlagschnurpulver 200g rot	Hochpigmentiertes Pulver für sehr gut sichtbare Anschlaglinien.
3239	01 Messen & Anzeichnen	Stifte / Marker	2	Steinhauer-Bleistift flachoval	Bruchfester Anzeichnungsstift für raue Oberflächen wie Stein und Beton.
7394	01 Messen & Anzeichnen	Tieflochmarker	3	Lyra Ink Profi permanent Tieflochmarker, Farbe ROT	Teleskopspitze markiert Bohrlöcher auch an schwer zugänglichen Stellen präzise.
7395	01 Messen & Anzeichnen	Tieflochmarker	3	Lyra Ink Profi permanent Tieflochmarker, Farbe SCHWARZ	Teleskopspitze markiert Bohrlöcher auch an schwer zugänglichen Stellen präzise.
7389	01 Messen & Anzeichnen	Wachsstift / Marker	3	Lyra China Marker Universal Wachsstift	Wachsstift zum Anzeichnen auf glatten Oberflächen, hitzebeständig bis 400°C.
6689	02 Schneiden & Trennen	Akku-Trennschleifer	3	Husqvarna K 540i Akku Trennschleifer	Emissionsfreier Akku-Trennschleifer mit hoher Betriebssicherheit.
6709	02 Schneiden & Trennen	Akku-Trennschleifer	3	Husqvarna Set 1 / K1 Pace 14"	Leistungsstarker Akku-Trennschleifer mit Konnektivität und Schnelllade-System.
6476	02 Schneiden & Trennen	Brücken-/CNC-Sägeblätter	2	FERRIX DTS ICON Ø400 mm Step 2.5 mm Bohrung 60mm + BRETON NL	Schnelles, leises Sägeblatt für Grossformatplatten aus Sinterstein.
7467	02 Schneiden & Trennen	Handgeführter Fliesenschneider	4	Fliesenschneider TRACER 1200	Präziser handgeführter Fliesenschneider mit Laserführung bis 1200 mm Fliesenlänge.
7861	02 Schneiden & Trennen	Jolly-Kante	4	DISTAR Edge Dry Diamanttrennscheibe für Keramik 45° Schnitt Ø125mm	Schneidet und schleift den 45°-Jolly-Schnitt in einem Arbeitsgang.
7862	02 Schneiden & Trennen	Jolly-Kante	4	DISTAR Edge Dry DTS für Keramik 45° Ø125mm mit M14 Flansch	Schneidet und schleift den 45°-Jolly-Schnitt in einem Arbeitsgang, M14-Aufnahme.
5993	02 Schneiden & Trennen	Kleintrennscheiben	2	Diamant Trenn- und Schleifscheibe Ø 30 mm M14	Kleine Trenn- und Schleifscheibe für filigrane Bearbeitung an Ecken und Kanten.
5994	02 Schneiden & Trennen	Kleintrennscheiben	2	Diamant Trenn- und Schleifscheibe Ø40 mm M14	Kleine Trenn- und Schleifscheibe für filigrane Bearbeitung an Ecken und Kanten.
4699	02 Schneiden & Trennen	Kleintrennscheiben	1	TRED Diamanttrennscheibe Ø22mm	Feinste Präzisionsschnitte an kleinen Bauteilen mit Handstück.
1370	02 Schneiden & Trennen	Kleintrennscheiben bis 75 mm	2	KGS Kleintrennscheibe ø 50/75 mm x  Ø 6 mm	Gesinterte Kleintrennscheibe für feine Trennarbeiten.
1678	02 Schneiden & Trennen	Kleintrennscheiben bis 75 mm	2	Bildhauer Trennscheibefür Marmor Ø 50/6mm und 75/6 mm	Galvanisierte Kleintrennscheibe für feine Marmorarbeiten.
7866	02 Schneiden & Trennen	Schneidetisch	4	DISTAR CeraMAX 1200 TELESCOPE 2.0 Schneidetisch	Höhenverstellbarer Schneidetisch für rückenschonendes Arbeiten und 45°-Schnitte.
6485	02 Schneiden & Trennen	Tischsägen	3	Tischfräse ACHILLI ALU130PL	Robuste, präzise Bausäge für den mobilen Baustelleneinsatz.
6609	02 Schneiden & Trennen	Tischsägen/Brückensägen	3	Husqvarna Tischsäge TS 73 R	Präzise Brückensäge für grosse Fliesen und Gehrungsschnitte.
3897	02 Schneiden & Trennen	Trennscheiben 115-230 mm	4	KGS RED K810 Diamant Trennscheibe für Granit Trockenschnitt	Universelle Premium-Trennscheibe für Beton, Naturstein und Verbundstein.
4241	02 Schneiden & Trennen	Trennscheiben 115-230 mm	4	KGS RED K810 Diamanttrennscheibe 115-230 mm  Aufnahme M14	Premium-Trennscheibe mit M14-Aufnahme für Granit-Trockenschnitt.
4026	02 Schneiden & Trennen	Trennscheiben 125-150 mm	2	Bildhauer Diamanttrennscheiben für Trockenschnitt	Vollmantel-Trennscheibe für präzise Bildhauerarbeiten.
4243	02 Schneiden & Trennen	Trennscheiben 125-230 mm	4	BETCUT NSTTB CERAMICS	Dünne Turbo-Trennscheibe für präzisen Trockenschnitt von Keramik.
6359	02 Schneiden & Trennen	Trennscheiben ab 150 mm	5	FERRIX DTS EPIC Ø230 Ceramics Aufnahme 22.2mm	Präzise Grossformat-Trennscheibe für Keramik, Feinsteinzeug und Kompaktmaterialien.
6366	02 Schneiden & Trennen	Trennscheiben ab 150 mm	5	FERRIX DTS EPIC Ø150 Ceramics Aufnahme 22.2mm	Grössere Variante für saubere Schnitte in Keramik und Feinsteinzeug.
7230	02 Schneiden & Trennen	Trennscheiben ab 150 mm	5	NORTON DTS Ø230mm/22,2mm Mr. Invincible	Vielseitige, robuste Universal-Trennscheibe für grosse Winkelschleifer.
6360	02 Schneiden & Trennen	Trennscheiben ab 150 mm	4	FERRIX DTS EPIC Ø250 Ceramics Aufnahme 25.4mm	Grossformat-Trennscheibe für Keramik und Kompaktmaterialien mit hoher Randhöhe.
6367	02 Schneiden & Trennen	Trennscheiben ab 150 mm	4	FERRIX DTS EPIC Ø180 Ceramics Aufnahme 22.2mm	Grösste Variante der EPIC Ceramics-Serie für Feinsteinzeug.
1375	02 Schneiden & Trennen	Trennscheiben ab 150 mm	3	Diamant TS Ceramics soft Extreme mit Vollbelag 9 mm	Vollbelag-Trennscheibe für sauberen Nassschnitt an Naturstein und Keramik.
2652	02 Schneiden & Trennen	Trennscheiben ab 150 mm	3	KGS Swiflex-COBRA Diamanttrennscheibe mit Aufnahme M14	Universelle Trenn- und Schruppscheibe für alle gängigen Materialien.
6322	02 Schneiden & Trennen	Trennscheiben ab 150 mm	3	DTS ø150 X M14 LASER Performer ohne Kühllöcher	Universelle Trennscheibe für Stein und leicht armierten Beton.
6777	02 Schneiden & Trennen	Trennscheiben ab 150 mm	2	Diamantscheibe Bildhauer Ø 230 mm Aufnahme 22,2 mm	Spezial-Trennscheibe für präzise Bildhauerarbeiten in Marmor und Kalkstein.
4066	02 Schneiden & Trennen	Trennscheiben ab 300 mm	3	BETCUT CERAMICS Turbo Nassanwendung	Nasstrennscheibe für Tischfräsen im Mix aus Keramik und Naturstein.
6364	02 Schneiden & Trennen	Trennscheiben bis 125 mm	5	FERRIX DTS EPIC Ø115 mm Ceramics Aufnahme 22.2mm	Kompakte Trennscheibe für präzise Feinsteinzeug-Schnitte am Winkelschleifer.
6365	02 Schneiden & Trennen	Trennscheiben bis 125 mm	5	FERRIX DTS EPIC Ø125 Ceramics Aufnahme 22.2mm	Schnelle, präzise Schnitte in Keramik und Feinsteinzeug ohne Ausbrüche.
7229	02 Schneiden & Trennen	Trennscheiben bis 125 mm	5	NORTON DTS Ø125mm/22,2mm Mr. Invincible	Vielseitige, robuste Universal-Trennscheibe für Akku- und Netzwinkelschleifer.
7235	02 Schneiden & Trennen	Trennscheiben bis 125 mm	5	NORTON DTS Ø115mm/22,2mm Mr. Invincible	Kompakte, robuste Universal-Trennscheibe für kleine Winkelschleifer.
7471	02 Schneiden & Trennen	Trennscheiben bis 125 mm	5	Diamanttrennscheibe PERFECT Ø125mm x 1.5mm M14	Robuste 1.5-mm-Trennscheibe für saubere, stabile Schnitte in Feinsteinzeug.
7865	02 Schneiden & Trennen	Trennscheiben bis 125 mm	5	DISTAR MasterCUT Ø125mm Diamanttrennscheibe trocken für Keramik	Hohe Standzeit von bis zu 40 Metern bei Feinsteinzeug, Trocken- und Nassbetrieb.
4242	02 Schneiden & Trennen	Trennscheiben bis 125 mm	4	KGS RED FINE CUT K840 CERAMICS	Feinschnitt-Trennscheibe für saubere Keramik- und Natursteinschnitte.
4987	02 Schneiden & Trennen	Trennscheiben bis 125 mm	4	DTS Trenn-u. Schruppscheibe für Fliesen und Feinsteinzeug Ø125mm M14	Trennen und Schruppen in einem Arbeitsgang an Fliesen und Feinsteinzeug.
5937	02 Schneiden & Trennen	Trennscheiben bis 125 mm	4	BETCUT NSTTB1,2 Ø125mm / 150 mm Keramik mit M14 Premium CH Flansch	Präzise Dünnschnitte in Keramik dank Swiss-Premium-M14-Flansch.
7469	02 Schneiden & Trennen	Trennscheiben bis 125 mm	4	ESTHETE 2.0 Diamanttrennscheibe Ø115mm x 1.1mm x 22.23mm	Schneidet feinste Glasuren sauber dank extradünnem Diamantsegment.
7472	02 Schneiden & Trennen	Trennscheiben bis 125 mm	4	TERMIT Diamanttrennscheibe Ø76mm	Kleine, wendige Trennscheibe für schwer zugängliche Schnitte an dickem Feinsteinzeug.
7845	02 Schneiden & Trennen	Trennscheiben bis 125 mm	4	DISTAR Shine Ø125/0.6mm DTS für Akku Geräte	Splitterfreier Schnitt ohne Nachbearbeitung, spart Akkulaufzeit durch dünnes Blatt.
7863	02 Schneiden & Trennen	Trennscheiben bis 125 mm	4	DISTAR MasterCut DTS trocken für Keramik & Feinsteinzeug Ø 45mm	Vielseitige Kleinscheibe zum Schneiden und Fugenausräumen in einem Werkzeug.
7864	02 Schneiden & Trennen	Trennscheiben bis 125 mm	4	DISTAR MasterCUT Ø76 Diamanttrennscheibe trocken für Keramik	Schneidet Feinsteinzeug präzise auch mit kleinen, leistungsschwachen Winkelschleifern.
7473	02 Schneiden & Trennen	Trennscheiben bis 125 mm	3	COLIBRI Diamanttrennscheibe Ø76mm	Präzisionsscheibe für feinste, komplexe Ausschnitte wie Spültasten oder Klappen.
7726	02 Schneiden & Trennen	Trennscheiben bis 125 mm	3	Elegant  DTS Ø100mm x 1mm x 10mm trocken für Keramik & Feinsteinzeug	Splitterfreier Feinschnitt auf glasierten Fliesen ohne Nachbearbeitung nötig.
7728	02 Schneiden & Trennen	Trennscheiben bis 125 mm	3	BUTTERFLY DTS Ø45mm x 0.58mm x 0.45mm trocken für Keramik & Feinsteinzeug	Präzisionsscheibe für feinste Feinsteinzeug-Details mit minimaler Schnittbreite.
7852	02 Schneiden & Trennen	Trennscheiben bis 125 mm	2	DISTAR Spraynozzle und Schutz für BUTTERFLY nass	Kühlt Trennscheiben beim Nassschnitt gezielt, ohne die Hand zu belasten.
7868	02 Schneiden & Trennen	Trennscheiben bis 125 mm	2	DISTAR Spraynozzle und Schutz für BUTTERFLY nass für Keramik & Feinsteinzeug - Proxxon	Kühlt die Butterfly-Trennscheibe am Proxxon-Gravurgerät gezielt mit Wasser.
7912	02 Schneiden & Trennen	Trennscheiben bis 125 mm	2	Wassergefäss zu Proxxon mit Messing Nozzle	Druckflasche für die gezielte Wasserkühlung der Butterfly-Trennscheibe.
4901	02 Schneiden & Trennen	Trennscheiben für Kompaktmaterial	3	FERRAMICS Ø350/60 Blau	Schnelle, präzise Schnitte in ultrakompakten Materialien wie Dekton und Laminam.
5444	02 Schneiden & Trennen	Trennscheiben für Kompaktmaterial	3	FERRAMICS Ø400/60 Blau	Schnelle, präzise Schnitte in ultrakompakten Materialien wie Dekton und Laminam.
6862	02 Schneiden & Trennen	Trennscheiben für Tischsägen	4	CERAMIC TS 300x30mm EXTREME Gres Silencio	Leise, langlebige Trennscheibe für harte Fliesen und Feinsteinzeug bis 4 cm.
6490	02 Schneiden & Trennen	Trennschleifer	3	Husqvarna K970 III 16" 400mm Trennschleifer	Robuster, kraftvoller Benzin-Trennschleifer für schwere Baustellenschnitte.
171	02 Schneiden & Trennen	Zubehör Kleintrennscheiben	1	Schaft ø 6mm zu Kleintrennscheiben	Passender Aufnahmeschaft für alle 6-mm-Kleintrennscheiben.
6540	03 Bohren & Fräsen	Akku-Bohrhammer	4	FLEX CHE 2-26 18.0 EC C Akku Kombi-Bohrhammer	Kraftvoller Akku-Bohrhammer für Bohren, Hammerbohren und Meisseln.
6863	03 Bohren & Fräsen	Akku-Bohrhammer	4	FLEX Kombi-Bohrhammer Akku CHE 18.0-EC C	Kompakter Akku-Bohrhammer für Bohren und leichte Meisselarbeiten.
6306	03 Bohren & Fräsen	Bohrhammer	4	FLEX CHE 5-40 SDS-max Kombi Bohrhammer	Kraftvoller Kombihammer für Bohren, Meisseln und Fliesenentfernen.
7307	03 Bohren & Fräsen	Bohrhammer 230 V	4	FLEX CHE 2-28 R SDS-plus Kombi-Bohrhammer	Kombi-Bohrhammer für Bohren, Hammerbohren und leichtes Stemmen.
7841	03 Bohren & Fräsen	Bohrsysteme	4	PROXXON Akku Langhals - Winkelbohrmaschine LHW/A	Akkubetriebene Langhals-Winkelbohrmaschine für präzise Arbeiten ohne Steckdose.
7843	03 Bohren & Fräsen	Bohrsysteme	4	PROXXON Akku Langhals - Winkelbohrmaschine LWB/A	Akkubetriebene Langhals-Winkelbohrmaschine für präzise Arbeiten ohne Steckdose.
7878	03 Bohren & Fräsen	Bohrsysteme	4	PROXXON/DISTAR Starter Set	Komplettes Einsteiger-Set für Feinbearbeitung von Feinsteinzeug zum Aktionspreis.
7842	03 Bohren & Fräsen	Bohrsysteme	3	PROXXON Langhals-Winkelbohrmaschine LWB/E	Netzbetriebene Langhals-Winkelbohrmaschine für präzise Arbeiten an vielen Materialien.
7465	03 Bohren & Fräsen	CoolGel	3	CoolGEL zum bohren in Keramik & Feinsteinzeug, Inhalt 250ml	Staubfreies, sauberes Bohren in Feinsteinzeug ohne Wasser, dank kühlendem Gel.
4031	03 Bohren & Fräsen	Diamantbohrkronen	4	BETCUT DRY M14 Diamantbohrkronen trocken/grob	Robuste Trocken-Diamantbohrkrone für Löcher in allen Materialien.
4030	03 Bohren & Fräsen	Fingerfräser	3	Fingerfräser BETCUT DRY Vollbelag	Diamant-Fingerfräser zum sauberen Erweitern von Bohrlöchern und Konturen.
6427	03 Bohren & Fräsen	Fingerfräser	3	Fingerfräser Ferrix Ø 25mm M14 mit Rundkopf	Erweitert und bearbeitet Bohrungen und Konturen präzise am Winkelschleifer.
8043	03 Bohren & Fräsen	Fingerfräser	2	Diamantfrässtift fein / spitz 0.8x8x2.35mm Pack à 10 Stück	Feiner Diamantfrässtift für präzise Detailarbeiten, 10er-Pack.
5543	03 Bohren & Fräsen	Fugenfräsen	2	FERRIX Diamant Frässcheibe Ø125 x22.2 mm / 6 mm	Präzises Fräsen von Mauerschlitzen mit geschütztem Diamantkern.
5545	03 Bohren & Fräsen	Fugenfräsen	2	FERRIX Diamant Frässcheibe Ø125 mm / 10 mm	Präzises Fräsen von Mauerschlitzen mit geschütztem Diamantkern.
5546	03 Bohren & Fräsen	Fugenfräsen	2	FERRIX Diamant Frässcheibe Ø125 mm / 8 mm	Präzises Fräsen von Mauerschlitzen mit robuster Segmentbreite.
5544	03 Bohren & Fräsen	Fugenfräsen	1	FERRIX Diamant V Fräser Ø125 mm	Öffnet Risse V-förmig für die fachgerechte Reparaturverfugung.
4040	03 Bohren & Fräsen	Fugenfräser	3	BETCUT-FAT Ø 90 - 113mm Fugenfräser	Turbo-Fugenfräser für universelle Granit- und Fugenarbeiten.
3136	03 Bohren & Fräsen	Kernbohren	4	FLEX BWE 16-9 14 Sacklochbohrer	Wassergekühlter FLEX-Bohrer für schnelles, sauberes Sacklochbohren.
3788	03 Bohren & Fräsen	Kernbohren	4	Husqvarna DMS 240 Bohrsystem	Vollständiges Kernbohrsystem mit Bohrständer für mittelgrosse Bohrlöcher.
7048	03 Bohren & Fräsen	Kernbohrständer	3	Husqvarna DS 250 Kernbohrständer, für BK mit max. Ø250mm	Präziser Kernbohrständer für Durchbrüche und Winkelbohrungen bis Ø 250 mm.
3901	04 Schleifen, Kanten & Polieren	Abziehsteine / Schärfen	2	DMT-Diamantrutscher / Abziehstein DAS 150	Präziser Diamant-Abziehstein zum Schärfen von Bildhauerwerkzeugen.
4388	04 Schleifen, Kanten & Polieren	Bodenpads	2	KGS Flexis FM  Ø150mm/6"	Bodenpad-System für professionelle Reinigung und Politur von Böden.
4207	04 Schleifen, Kanten & Polieren	Frässtifte / Gravurstifte	1	DSK 3mm Set Gravurstifte gesintert 10 verschiedene Formen	10-teiliges Gravurstift-Set für vielseitige Detailarbeiten.
2635	04 Schleifen, Kanten & Polieren	Frässtifte / Schleifkörper	1	KSK 6 Flammenform keramisch ø16x32mm K24/36	Kleiner Schleifkörper zum präzisen Schleifen von Detailformen.
345	04 Schleifen, Kanten & Polieren	Frässtifte / Schleifkörper	1	KSK 6 Zylinderform lang keramisch ø25x38 K24/36	Kleiner Schleifkörper zum präzisen Schleifen von Detailformen.
370	04 Schleifen, Kanten & Polieren	Frässtifte / Schleifkörper	1	KSK 6 Kegelform lang keramisch ø22x70mm K36	Kleiner Schleifkörper zum präzisen Schleifen von Detailformen.
371	04 Schleifen, Kanten & Polieren	Frässtifte / Schleifkörper	1	KSK 6 Kugelform keramisch ø25mm K36	Kleiner Schleifkörper zum präzisen Schleifen von Detailformen.
373	04 Schleifen, Kanten & Polieren	Frässtifte / Schleifkörper	1	KSK 6 Zylinder mit Rundung konvex keramisch ø25x25mm K36	Kleiner Schleifkörper zum präzisen Schleifen von Detailformen.
374	04 Schleifen, Kanten & Polieren	Frässtifte / Schleifkörper	1	KSK 6 Kegelform stumpf keramisch ø20x30mm K36	Kleiner Schleifkörper zum präzisen Schleifen von Detailformen.
397	04 Schleifen, Kanten & Polieren	Frässtifte / Schleifkörper	1	KSK 6 Zylinder mit Rundung konkav keramisch ø25x25mm K36	Kleiner Schleifkörper zum präzisen Schleifen von Detailformen.
4094	04 Schleifen, Kanten & Polieren	Handfeilen	2	KGS FILEX Diamant Hand-Feilen flach 40x20 mm	Diamant-Handfeile für präzises manuelles Schleifen von Stein.
6242	04 Schleifen, Kanten & Polieren	Handpads	3	KGS HANDPAD DIFLEX 75x75mm	Flexibles Handpad für Profilflächen ohne Elektrowerkzeug.
2390	04 Schleifen, Kanten & Polieren	Handpads / Handrutscher	3	KGS TELUM® Handrutscher 90 x 55 mm Körnung 50-3000	Diamant-Handrutscher für Ecken und Kanten, wo Maschinen nicht hinkommen.
7466	04 Schleifen, Kanten & Polieren	Jolly-Kante	4	DISTAR Glider 45 PRO 2.0 für die perfekte Jolly Kante	Macht den anspruchsvollen 45°-Jolly-Schnitt vibrationsfrei und industriell wiederholbar.
5531	04 Schleifen, Kanten & Polieren	Jolly-Kante	3	AKEMI Jollynator Set 90°+  135°	Perfekte 90°- und 135°-Aussenkanten direkt mit COLOUR BOND P+.
7849	04 Schleifen, Kanten & Polieren	Jolly-Kante	3	DISTAR Duster 45° für 115 & 125mm Trennscheiben	Staubarmes 45°-Fliesenschneiden mit visueller Schnittkontrolle.
4059	04 Schleifen, Kanten & Polieren	Lamellenschleifscheiben	3	KGS Hybrid Flap Disc M14 WET & DRY	Vibrationsarme Diamant-Lamellenscheibe für schnelles Schleifen und Schruppen.
6283	04 Schleifen, Kanten & Polieren	Multitool-Zubehör	3	FEIN Hartmetall-Raspel SL Verpackungseinheit 1 Stk Kantenlänge 80 mm	Grober Materialabtrag von Fliesenkleber und Spachtelmasse mit Staubabsaugung.
6285	04 Schleifen, Kanten & Polieren	Multitool-Zubehör	2	FEIN Schleifplatte ungelocht SL 3-Eck 81mm	Schützende Trägerplatte für präzises Kantenschleifen mit dem Multitool.
6286	04 Schleifen, Kanten & Polieren	Multitool-Zubehör	2	FEIN Schleifplatte extra flach SL 3-Eck 81mm Starlock	Flache Trägerplatte für Schleifarbeiten in engen Zwischenräumen.
7799	04 Schleifen, Kanten & Polieren	Polierpads	3	DISTAR Aufnahmeteller Click & Lock Pro Ø100mm M14	Wechselt Polierscheiben per Magnetklick, ohne Zeitverlust und Unwucht.
7853	04 Schleifen, Kanten & Polieren	Polierpads	3	DISTAR CoolPAD Ø50mm x3 mm x 7mm  Polierer #4	Poliert Feinsteinzeug mit einer einzigen Scheibe bis zum Hochglanz.
7854	04 Schleifen, Kanten & Polieren	Polierpads	3	DISTAR CoolPAD Ø50mm x3 mm x 7mm  Polierer #3	Poliert Feinsteinzeug in feiner Körnung mit einer einzigen Scheibe.
7855	04 Schleifen, Kanten & Polieren	Polierpads	3	DISTAR CoolPAD Ø50mm x3 mm x 7mm  Polierer #2	Poliert Feinsteinzeug in mittlerer Körnung mit einer einzigen Scheibe.
7856	04 Schleifen, Kanten & Polieren	Polierpads	3	DISTAR CoolPAD Ø50mm x3 mm x 7mm  Polierer #1	Schleift Feinsteinzeug in grober Körnung mit einer einzigen Scheibe an.
7867	04 Schleifen, Kanten & Polieren	Polierpads	2	DISTAR Schaumstützteller Ø50mm PROXXON	Sichere Klett-Basis für alle gängigen Polier- und Schleifaufsätze am Proxxon-Gerät.
6420	04 Schleifen, Kanten & Polieren	Polierzubehör	2	Aufnahmeteller ø100/120x10 M14 für Lammfelle	Aufnahmeteller für Lammfellpolitur am Winkelschleifer.
6421	04 Schleifen, Kanten & Polieren	Polierzubehör	2	Aufnahmeteller ø140/180x20 M14 für Lammfelle	Grösserer Aufnahmeteller für Lammfellpolitur am Winkelschleifer.
4069	04 Schleifen, Kanten & Polieren	Schleif- und Polierpads	3	BETCUT SPIRALBRICK Ø 100mm, Trockenanwendung	Bewährtes Spiralbrick-Pad für den Trockenschliff auf Granit.
4424	04 Schleifen, Kanten & Polieren	Schleif- und Polierpads	3	BETCUT HONEYCOMB PAD Ø150 mm 1- 6	Honeycomb-Pad-Set für stufenloses Polieren von Hartgestein und Beton.
5999	04 Schleifen, Kanten & Polieren	Schleifkegel	2	Diamant Schleifkegel Ø 35 mm M14	Feiner Diamant-Schleifkegel für Kanten- und Formbearbeitung.
6000	04 Schleifen, Kanten & Polieren	Schleifkegel	2	Diamant Schleifkegel Ø 38 mm M14	Feiner Diamant-Schleifkegel für Kanten- und Formbearbeitung.
6001	04 Schleifen, Kanten & Polieren	Schleifkegel	2	Diamant Schleifkegel gekröpft Ø 48 mm M14	Gekröpfte Form für Schleifarbeiten in schwer zugänglichen Ecken und an Decken.
6002	04 Schleifen, Kanten & Polieren	Schleifkegel	2	Diamant Schleifkegel Ø 50 mm M14	Feiner Diamant-Schleifkegel für Kanten- und Formbearbeitung.
6342	04 Schleifen, Kanten & Polieren	Schleifscheiben	3	Telum Dry Diamantschleifscheibe ø115x25 QRS grau K50-800	Hohe Standzeit und Abtragsleistung beim Trockenschliff von Hartgestein.
6413	04 Schleifen, Kanten & Polieren	Schleifscheiben Klett	3	KGS Telum Dry Diamantschleifscheibe ø100x15 QRS K50-800	Langlebige Trockenschleifscheibe für harten Naturstein.
4986	04 Schleifen, Kanten & Polieren	Schleifteller	2	Ferrix Schleifteller Keramik Ø100 mm M14	Robuster Hartschleifteller speziell für Keramik.
5931	04 Schleifen, Kanten & Polieren	Schleifteller	2	Aufnahmeteller SF HART Ø130 SF M14 hart	Stabiler Hart-Aufnahmeteller für Klettschleifmittel Ø130 mm.
2812	04 Schleifen, Kanten & Polieren	Schleiftöpfe	4	DIA Schleiftopf 125mm Aufnahme 22.2 mm / M14	Robuster Schleiftopf für Sanierungsschleifer mit hoher Abtragsleistung.
7023	04 Schleifen, Kanten & Polieren	Schleiftöpfe	3	FLEX Thermo Super Ø150/22.2mm Diamantschleiftopf	Leistungsstarker Schleiftopf für Betonvorbereitung und Beschichtungsentfernung.
7727	04 Schleifen, Kanten & Polieren	Schleiftöpfe	3	NECTAR DSK Ø45mm x 5.8 mm trocken für Keramik & Feinsteinzeug	Ausbruchsfreies Schleifen von Feinsteinzeug, auch an schwer zugänglichen Stellen.
7729	04 Schleifen, Kanten & Polieren	Schleiftöpfe	3	DISTAR MasterGRIND Ø115x1.8x30mm für Keramik und Glas	Kombiniert Schneiden und Schleifen von Keramik und Glas in einem Werkzeug.
7984	04 Schleifen, Kanten & Polieren	Schleiftöpfe	3	DISTAR DGM Schleiftopf Soft Edge Ø45mm	Schleift glasiertes, sprödes Feinsteinzeug abplatzungsfrei dank Graphitkühlung.
4928	04 Schleifen, Kanten & Polieren	Schleiftöpfe	2	PKD Schleiftopf blau 125mm	Starker PKD-Abtrag ohne Verkleben bei Trockenschliff.
4929	04 Schleifen, Kanten & Polieren	Schleiftöpfe	2	PKD Schleiftopf blau 180mm	Starker PKD-Abtrag ohne Verkleben bei Trockenschliff.
4931	04 Schleifen, Kanten & Polieren	Schleiftöpfe	2	PKD Schleiftopf schwarz 180mm	Starker PKD-Abtrag mit 12 Segmenten für feineren Trockenschliff.
5997	04 Schleifen, Kanten & Polieren	Schleiftöpfe	2	Diamant Topfscheibe Ø100mm M14	Robuste Diamant-Topfscheibe für schnellen Materialabtrag.
5998	04 Schleifen, Kanten & Polieren	Schleiftöpfe	2	Diamant Topfscheibe Ø115 mm M14	Robuste Diamant-Topfscheibe für schnellen Materialabtrag.
7985	04 Schleifen, Kanten & Polieren	Schleiftöpfe	2	DISTAR Support Adapter Ø19mm	Verhindert das Durchrutschen von Spannzangen und schont die Maschinenlager.
7936	05 Verlegen, Heben & Klopfen	Fliesenrüttler	5	FLEX Akku Fliesenrüttler TV 18-EC C	Rüttelt grossformatige Fliesen vollflächig blasenfrei in den Kleber ein.
8401	05 Verlegen, Heben & Klopfen	Gummihämmer	5	PICARD Gummihammer Grösse 2 + 3, zum Festschlagen von empfindlichen Bauteilen	Schont empfindliche Bauteile beim Festschlagen dank gummierter Schlagfläche.
5687	05 Verlegen, Heben & Klopfen	Kniehocker	5	PROBST KNEESEAT Kniehocker KS	Entlastet Rücken und Knie beim Verlegen spürbar.
2192	05 Verlegen, Heben & Klopfen	Kochfeld-Montage	1	FERROFIX-Montagegerät	Präzisionswerkzeug für schnelles, sauberes Montieren von Glaskeramik-Kochfeldern.
7240	05 Verlegen, Heben & Klopfen	Pflastererhämmer	3	Pflastererhammer Berliner Form 1000-2000g, Eschenstiel geschweift	Robuster Pflastererhammer für Verlegearbeiten mit Naturstein und Platten.
7140	05 Verlegen, Heben & Klopfen	Plattengreifer	4	Ferro Plattengreifer Gecko V3 Tragkraft 80kg	Sicherer, materialschonender Plattengreifer für den Plattentransport.
8365	05 Verlegen, Heben & Klopfen	Plattenlegerhämmer	5	PICARD Plattenlegerhammer BlackTec®	Rückschlaghemmender Plattenlegerhammer für Pflaster- und Plattenverlegearbeiten.
7383	05 Verlegen, Heben & Klopfen	Plattenlegerhämmer	4	PICARD Fliesenlegerhammer	Robuster, ergonomischer Fliesenlegerhammer von PICARD mit Hartmetallspitze.
7141	05 Verlegen, Heben & Klopfen	Saugheber	4	Ferro Saugheber Porter Compo	Robuster Saugheber für sicheren Transport schwerer, glatter Platten.
3279	05 Verlegen, Heben & Klopfen	Saugheber / Vakuumheber	5	NEMO GRABO PRO Hard-Case	Akku-Vakuumsauger hält grossformatige Fliesen und Platten sicher fest.
2086	05 Verlegen, Heben & Klopfen	Saugheber / Vakuumheber	4	Saugheber Typ 2 aus Alu 80kg	Handlicher Saugheber zum sicheren Heben glatter Platten.
7675	05 Verlegen, Heben & Klopfen	Schonhämmer	4	SIMPLEX Schonhammer mit verstärktem  Ø30mm, TPE-soft / Nylon	Zwei Schlageinsätze in einem Hammer, austauschbar, kein schwarzer Abrieb.
7378	05 Verlegen, Heben & Klopfen	Schonhämmer	3	SIMPLEX Schonhammer extra kurz, Ø60mm Stiel 205mm	Kompakter Schonhammer mit Standfuss für ergonomisches Arbeiten.
7379	05 Verlegen, Heben & Klopfen	Schonhämmer	3	SIMPLEX Schonhammer mit Alu-Gehäuse und Holzstiel, Ø 30/40/50/60 mm	Leichter Schonhammer ohne Farbabrieb, Komponenten austauschbar.
8288	05 Verlegen, Heben & Klopfen	Schonhämmer	3	HALDER SUPERCRAFT-Schonhammer Ø60mm und Ø70mm	Rückschlagfreier Schonhammer für besonders kraftvolle, gelenkschonende Schläge.
6243	05 Verlegen, Heben & Klopfen	Vakuumheber	5	FLEX GRABO VLP 18 C Vakuumheber	Hebt und positioniert Fliesen und Platten bis 120 kg sicher und mühelos.
6957	05 Verlegen, Heben & Klopfen	Vakuumheber	5	FLEX Aktion Twinpack 18V Akku Vakuumheber VLP 18.0 Grabo	Sicherer, mobiler Vakuumheber für schwere Platten und Fliesen.
7969	05 Verlegen, Heben & Klopfen	Vakuumheber	5	FLEX Aktion Grabo VLP + Fliesenrüttler TV 18-EC C	Kombiniert Heben und Einrütteln von Fliesen in einem Akku-Set mit Ladeset.
7692	05 Verlegen, Heben & Klopfen	Vakuumheber	3	FLEX Handtragegriff VLP-HCH Duo	Erlaubt aufrechtes, rückenschonendes Tragen schwerer Platten zu zweit.
7693	05 Verlegen, Heben & Klopfen	Vakuumheber	3	FLEX Handtragegriff VLP-HCH Solo	Erlaubt aufrechtes, rückenschonendes Tragen schwerer Platten allein.
6158	05 Verlegen, Heben & Klopfen	Vakuumheber-Zubehör	2	NEMO GRABO - SlenderSeal	Ermöglicht sicheres Ansaugen und Tragen schmaler Fliesen und Bauteile mit GRABO-Hebern.
5950	06 Rühren, Kleben & Fugen	1K-Klebstoff	4	AKEMI AKENOVA® ELASTIC 100	Elastischer Hochleistungskleber ohne Randzonenverfärbung an Naturstein.
5951	06 Rühren, Kleben & Fugen	1K-Klebstoff	4	AKEMI AKENOVA® ROCKET 200	Handfest in nur 20 Minuten für schnelle Montagearbeiten.
1319	06 Rühren, Kleben & Fugen	2K-Fixierkleber	3	AKEMI AKEPOX® 3000,  Mini Quick	Schnell härtender 2K-Kleber zum präzisen Fixieren von Stein und Metall.
2139	06 Rühren, Kleben & Fugen	2K-Kleber	3	AKEMI PLATINUM P+ L-Spezial 170 Gramm	Schnelltrocknender 2K-Kleber für vertikale Kleb- und Kittarbeiten.
3887	06 Rühren, Kleben & Fugen	2K-Kleber	3	AKEMI COLOUR BOND Maxi Power / +P6	Vorgefärbter 2K-Kleber für unsichtbare Fugen bei Quarzkomposit und Naturstein.
6535	06 Rühren, Kleben & Fugen	2K-Kleber	3	AKEMI AKEPOX 5010 Coloured	Farbgenaue, witterungsfeste Verklebung sichtbarer Fugen im Aussenbereich.
4300	06 Rühren, Kleben & Fugen	2K-Kleber	2	AKEPOX PANEL ADHESIVE 7030 2K-Kleber	2K-Flächenkleber für Dünnkeramik-Sandwichplatten mit schneller Aushärtung.
1327	06 Rühren, Kleben & Fugen	Farbangepasste Silikone	3	AKEMI Composil - Colour Matched Silicone	Farbtongleicher Silikon-Dichtstoff für unsichtbare Anschlussfugen.
2052	06 Rühren, Kleben & Fugen	Farbmuster-Zubehör	2	AKEMI Farbfächer Colourchart + Colour Chart 2.0 APP	Farbfächer zur exakten Zuordnung des passenden AKEMI-Klebers.
5449	06 Rühren, Kleben & Fugen	Farbpasten für Kleber	2	AKEMI Spectrum Pastes 51 Farben	Passgenaue Farbanpassung von Kleber an Naturstein- und Quarzkomposit-Oberflächen.
4697	06 Rühren, Kleben & Fugen	Farbpigmente	1	PULVERFARBE OXYD SCHWARZ 500 1 Kilogramm	Kräftige, lichtechte Schwarzfärbung für Beton und Putz.
4215	06 Rühren, Kleben & Fugen	Fugenfüllstoffe	3	AKEMI FLEXY-ZEM	Fugenfüllstoff in Zementoptik als Ersatz für klassischen Fugenmörtel.
7475	06 Rühren, Kleben & Fugen	Kartuschenpressen	4	FLEX Kartuschenpresse CG 310 18C	Kraftvolle Akku-Kartuschenpresse für harte Kleber ohne Nachtropfen.
7476	06 Rühren, Kleben & Fugen	Kartuschenpressen	4	FLEX Kartuschenpresse CG 310/600 18	Komplettset der Akku-Kartuschenpresse inklusive Folienbeutel-Rohr und Koffer.
2384	06 Rühren, Kleben & Fugen	Kartuschenpressen	3	AKEMI COLOUR BOND Skelettpistole ECO 10:1	Präzise Kartuschenpresse für den Colour-Bond-2K-Kleber.
645	06 Rühren, Kleben & Fugen	Kartuschenpressen	3	Profi 310ml Kartuschen Presse Premium-Pistole für Silikon 310 ml	Präzise, tropffreie Silikon- und Kleberapplikation aus 310-ml-Kartuschen.
3069	06 Rühren, Kleben & Fugen	Kartuschenpressen	2	AKEMI Zylinder Pistole COX 400ml	Robuste Handpistole für Kartuschen und Folienbeutel.
7174	06 Rühren, Kleben & Fugen	Klebedichtstoffe	3	AKENOVA CLEAR 300 glasklar CC 2200 1K-Klebedichtstoff	Transparenter, universell einsetzbarer 1K-Klebedichtstoff für Sichtfugen.
4448	06 Rühren, Kleben & Fugen	Mischdüsen-Zubehör	1	AKEMI Jollynator	Spart Kleber durch präzises Einbringen in schmale Fugen.
4247	06 Rühren, Kleben & Fugen	Montagekleber	3	KGS MS-Polymer High Tack 360	Hochfester Montagekleber für sofortige Verklebung von Stein und Keramik.
5749	06 Rühren, Kleben & Fugen	Rührwerke	5	FLEX R 2602 Rührmaschine	Robustes Rührwerk zum täglichen Anmischen von Mörtel und Kleber.
6875	06 Rühren, Kleben & Fugen	Rührwerke	5	FLEX 2-Gang Rührer Akku MXE 18.0 EC WR2 120	Kraftvolles Akku-Rührwerk für Kleber, Fugenmasse und Ausgleichsmasse.
6876	06 Rühren, Kleben & Fugen	Rührwerke	5	FLEX 2-Gang Rührer Akku MXE 18.0 EC/5.0 Set & WR2 120	Komplett-Set: Akku-Rührwerk inklusive Akkus und Ladegerät, sofort einsatzbereit.
7898	06 Rühren, Kleben & Fugen	Rührwerke	5	FLEX MXE 1202 + WR2 140 Rührwerk	Robustes 2-Gang-Rührwerk für Mischanwendungen bis 60 kg, inkl. Rührstab.
7899	06 Rühren, Kleben & Fugen	Rührwerke	5	FLEX MXE 1602 + WR2 160 Rührwerk	Kraftvolles 2-Gang-Rührwerk für grosse Mischmengen bis 90 kg.
7933	06 Rühren, Kleben & Fugen	Rührwerke	4	FLEX MXE 1000 + WR2 120 Rührwerk	Bewährter, kompakter Standardmischer für kleinere Mischmengen bis 40 kg.
7244	06 Rühren, Kleben & Fugen	Rührwerke 230 V	4	FLEX 2-Gang Rührer 1200 Watt MXE 1202 AKTIONSSET	Starkes 230-V-Rührwerk für grosse Mischmengen bis 60 kg.
7430	06 Rühren, Kleben & Fugen	Silikon-Fugendichtstoff	4	AKEMI Marmor Silikon 310ml Kartusche	Verfärbungsfreies Silikon speziell für Fugen an Naturstein wie Marmor und Granit.
7248	07 Reinigen, Schützen & Reparieren	Auftragswerkzeuge	1	AKEMI Impregnation Application Mob / Mikrofasermopp	Wiederverwendbarer Mopp für grossflächigen Imprägnierauftrag.
7253	07 Reinigen, Schützen & Reparieren	Auftragswerkzeuge	1	AKEMI klappbarer Kunststoff-Mopphalter mit Fixierklipp 40x11cm	Praktischer Mopphalter für grossflächigen AKEMI-Produktauftrag.
7256	07 Reinigen, Schützen & Reparieren	Auftragswerkzeuge	1	AKEMI Square Bucket 10 Liter	Lösungsmittelfester Eimer für grossflächigen AKEMI-Produktauftrag.
4019	07 Reinigen, Schützen & Reparieren	Farbtonvertiefer	3	AKEMI TRANSFORMER MAX	Extrem schnell wirkende Imprägnierung mit starker Farbtonvertiefung.
4065	07 Reinigen, Schützen & Reparieren	Farbtonvertiefer	3	AKEMI Farbtonvertiefer Super	Langzeit-Farbtonvertiefer speziell für dunkle Natursteine.
6677	07 Reinigen, Schützen & Reparieren	Imprägnierer	4	AKEMI Pearl Impregnator	Premium-Schutz gegen Wasser, Öl und Fett auf Naturstein und Feinsteinzeug.
6197	07 Reinigen, Schützen & Reparieren	Imprägnierer	3	AKEMI Rapid Impregnator	Schneller Basisschutz mit sofortigem Abperleffekt für Stein und Fassaden.
3886	07 Reinigen, Schützen & Reparieren	Reiniger	4	AKEMI ACID Cleaner	Säurehaltiger Reiniger für hartnäckige Zement- und Fugenreste.
622	07 Reinigen, Schützen & Reparieren	Reiniger	4	AKEMI Reiniger A 1lt	Entfernt zuverlässig frische Kleber- und Silikonreste vor dem Aushärten.
2212	07 Reinigen, Schützen & Reparieren	Reiniger	3	AKEMI Crystal Clean Konzentrat	Schlierenfreier Alltagsreiniger für polierten Stein und Feinsteinzeug.
711	07 Reinigen, Schützen & Reparieren	Reiniger	3	AKEMI Oel + Fettentfernerpaste	Entfernt Öl-, Fett- und Wachsflecken von Naturstein und Keramik.
7926	07 Reinigen, Schützen & Reparieren	Reiniger	3	FERROSIL Seal-it® 450 PUR CLEANER	Reinigt PUR-Pistolen und entfernt frische Schaumreste zuverlässig.
2330	07 Reinigen, Schützen & Reparieren	Reiniger	2	AKEMI Imprägnierungs-Entferner	Hoch alkalisches Gel gegen Imprägnierungsflecken und Lackreste.
6346	07 Reinigen, Schützen & Reparieren	Reiniger	2	Innotec Schaum Glas Reiniger Plus 500ml	Schlierenfreier Glasreiniger, der an vertikalen Flächen haften bleibt.
3900	07 Reinigen, Schützen & Reparieren	Reparatur-Sets	3	AKEMI Spectrum Pastes Bonding & Repair Set	Komplettes Reparatur-Set zum farbgenauen Ausbessern von Stein und Keramik.
7257	07 Reinigen, Schützen & Reparieren	Smart-Repair-Sets	3	AKEMI Ceramic Smart Repair Set	Komplettset für unsichtbare Fliesenreparaturen ohne Fliesenaustausch.
5719	07 Reinigen, Schützen & Reparieren	StoneLux-Reparatursystem	3	StoneLux 2.0 Profi Set PRO	Komplettsystem für unsichtbare Reparaturen an Keramik- und Quarzkompositoberflächen.
5720	07 Reinigen, Schützen & Reparieren	StoneLux-Reparatursystem	3	StoneLux 2.0 Professional Kit  (ohne Ceramic Kit)	Fünf Reparaturtechniken für unsichtbare Ausbesserungen an Stein- und Keramikoberflächen.
6252	07 Reinigen, Schützen & Reparieren	StoneLux-Reparatursystem	1	StoneLux,Struk.Granulat X1	Nachbildung feiner Kristallstruktur bei Natursteinreparaturen.
6254	07 Reinigen, Schützen & Reparieren	StoneLux-Reparatursystem	1	StoneLux,Struk.Granulat X2	Nachbildung feiner Kristallstruktur bei Natursteinreparaturen.
6255	07 Reinigen, Schützen & Reparieren	StoneLux-Reparatursystem	1	StoneLux,Struk.Granulat X3	Nachbildung gröberer Kristallstruktur bei Natursteinreparaturen.
6256	07 Reinigen, Schützen & Reparieren	StoneLux-Reparatursystem	1	StoneLux,Struk.Granulat X4	Nachbildung grober Kristallstruktur bei Natursteinreparaturen.
2221	07 Reinigen, Schützen & Reparieren	StoneLux-Reparatursysteme	3	StoneLux® 2.0 Bluetron Handlichtgerät	Akku-Lichthärtegerät für schnelle StoneLux-Reparaturen vor Ort.
4515	07 Reinigen, Schützen & Reparieren	StoneLux-Reparatursysteme	3	Slx StoneLux® 2.0 Ceramic Kit Sortiment	Vollständiges Reparatur-Set für Keramik- und Fliesenschäden mit fünf Techniken.
2241	07 Reinigen, Schützen & Reparieren	StoneLux-Reparatursysteme	2	StoneLux 2.0Transpa Flow Spritze 3ml	Transparentes Reparaturmaterial für feine Steinkorrekturen.
2253	07 Reinigen, Schützen & Reparieren	StoneLux-Reparatursysteme	2	Slx StoneLux® 2.0 Schleif-& Polierblock	Kombiblock zum Schleifen und Polieren nach der StoneLux-Reparatur.
6496	07 Reinigen, Schützen & Reparieren	StoneLux-Reparatursysteme	2	StoneLux 2.0 Primer Universal 1ml	Sorgt für Haftung bei unsichtbaren StoneLux-Reparaturen.
6501	07 Reinigen, Schützen & Reparieren	StoneLux-Reparatursysteme	2	StoneLux 2.0 Primer granit 1ml	Speziell für Granit optimierter Haftvermittler bei Reparaturen.
7830	07 Reinigen, Schützen & Reparieren	StoneLux-Reparatursysteme	2	AKEMI Solvent à 50ml - Zum Anlösen der Farbe von den CERAMIC Colour Cards	Löst die Farbe der Colour Cards für präzises Farbmischen bei Reparaturen.
7831	07 Reinigen, Schützen & Reparieren	StoneLux-Reparatursysteme	2	AKEMI Cleaner I à 30ml - lösungsmittelhaltiger Reiniger auf Alkoholbasis	Reinigt Keramikoberflächen schonend als Vorbereitung für Reparaturarbeiten.
7834	07 Reinigen, Schützen & Reparieren	StoneLux-Reparatursysteme	2	AKEMI Hobel	Trägt Reparaturmaterial exakt bündig ab, ohne den Oberflächenglanz zu verändern.
6504	07 Reinigen, Schützen & Reparieren	StoneLux-Reparatursysteme	1	StoneLux 2.0  Seperator Pen 1ml	Ermöglicht Stempeltechnik für die Reparatur strukturierter Keramikoberflächen.
7030	07 Reinigen, Schützen & Reparieren	StoneLux-Reparatursysteme	1	StoneLux Sparkanülen mit Metallröhrchen 10 Stk im Säckchen	Präzisionsdosierung für StoneLux-Reparaturmaterial.
7832	07 Reinigen, Schützen & Reparieren	StoneLux-Reparatursysteme	1	AKEMI Pinsel für Ceramic Smart Repair Set	Feinpinsel zum präzisen Auftragen der Reparaturfarbe auf Keramikschäden.
7833	07 Reinigen, Schützen & Reparieren	StoneLux-Reparatursysteme	1	AKEMI Mischglas für Lösungsmittel	Wiederverschliessbares Mischglas hält angerührte Reparaturfarben länger nutzbar.
3903	07 Reinigen, Schützen & Reparieren	Wachs / Politur	2	AKEMI Solid Wax	Wachspolitur für dauerhaften Glanz auf Natur- und Kunststein.
6162	08 Staub & Absaugung	Absaughauben	3	FLEX Absaughaube komplett für: LBE 17-11 Winkelschleifer	Ermöglicht staubarmes, randnahes Schleifen mit dem Winkelschleifer.
6236	08 Staub & Absaugung	Absaughauben	3	FLEX Absaughaube  Ø125mm LD+LDE 15-10R/LD 18-7 125R	Werkzeuglose Höhenanpassung für staubarmes randnahes Schleifen.
7908	08 Staub & Absaugung	Akku-Industriesauger	4	FLEX VCE 22 M MC 2x18 Akku Industriesauger	Kabelloser Klasse-M-Sauger für staubfreies Arbeiten direkt am Werkzeug.
5736	08 Staub & Absaugung	Akku-Sauger	3	FLEX Staubsauger VC 6 L MC 18.0 Volt	Handlicher Akku-Sauger für mobilen Einsatz ohne Kabel.
6025	08 Staub & Absaugung	Akku-Sauger	3	Husqvarna DE 110i Akku Staubsauger für BLi-System	Kabelloser Baustellensauger der H-Klasse mit HEPA13-Filter für gefährlichen Staub.
6106	08 Staub & Absaugung	Akku-Sauger	3	FLEX  Akku Staubsauger VC2 L HIP 18.0-EC Hüftsauger	Handfreier Hüftsauger für mobile Absaugarbeiten direkt am Werkzeug.
6167	08 Staub & Absaugung	Baustellensauger 230 V	4	Flex Aktion Pack VCE 33 M AC-Set	Leistungsstarker Klasse-M-Sicherheitssauger für mineralische Stäube inkl. Zubehörpaket.
6200	08 Staub & Absaugung	Baustellensauger 230 V	4	Flex Aktion Pack VCE 44 L AC-Set	Grosser Klasse-L-Baustellensauger mit 42-l-Volumen für lange Einsätze.
7155	08 Staub & Absaugung	Filter	1	FLEX Vorfiltermatten G3 passend zu Bau-Luftreiniger VAC 800-EC 10 Stück	Schützt die Hauptfilter des VAC 800-EC vor grobem Schmutz.
7156	08 Staub & Absaugung	Filter	1	FLEX Grobfilter G4 passend zu Bau-Luftreiniger VAC 800-EC 1 Stück	Effektiver Grobstaubfilter mit geringem Luftwiderstand.
7157	08 Staub & Absaugung	Filter	1	FLEX Aktivkohlefilter G4 passend zu Bau-Luftreiniger VAC 800-EC	Filtert Gerüche und Staub gleichzeitig aus dem Arbeitsumfeld.
7158	08 Staub & Absaugung	Filter	1	FLEX Feinstaubfilter F7 passend zu Bau-Luftreiniger VAC 800-EC 1 Stück	Filtert Feinstaub zuverlässig aus der Baustellenluft.
7159	08 Staub & Absaugung	Filter	1	FLEX HEPA 13 Filter passend zu Bau-Luftreiniger VAC 800-EC	Hocheffiziente HEPA-Filterung für höchste Luftreinheit.
7160	08 Staub & Absaugung	Filter	1	FLEX HEPA 14 Filter passend zu Bau-Luftreiniger VAC 800-EC	Höchste Filterklasse für maximale Luftreinheit auf der Baustelle.
7356	08 Staub & Absaugung	Filtersäcke	2	FLEX Vlies-Filtersäcke VC 21-26 Pack à 5 Stück	Reissfeste Filtersäcke für saubere Entsorgung von Saugerstaub.
8253	08 Staub & Absaugung	Industriesauger 230V	4	Husqvarna Staubsauger DE 35 H	H13-zertifizierter Industriesauger mit konstant hohem Luftstrom für Gefahrstoffe.
7151	08 Staub & Absaugung	Luftreiniger	3	FLEX Bau-Luftreiniger VAC 800-EC #AKTION#	Effizienter Bau-Luftreiniger mit Unterdruck-Erzeugung für Schwarz-Bereiche.
7263	08 Staub & Absaugung	Sauger 230 V	4	FLEX VCE 28 L MC-Sauger, inkl. Reinigungsset	Vielseitiger 25-L-Sauger für Trocken- und Nasssaugen mit Reinigungsset.
6901	08 Staub & Absaugung	Sauger 230 V	3	Husqvarna DE 130 Staubsauger (230V) mit Auto-Pulse-Technologie	Leistungsstarker H-Klasse-Sauger mit automatischer Filterreinigung.
6994	08 Staub & Absaugung	Sauger 230 V	3	Husqvarna DE 110 H Staubsauger 230 V	Kompakter H-Klasse-Sauger mit stabilem Luftstrom für lange Reinigungsintervalle.
6607	08 Staub & Absaugung	Sauger 230V	4	FLEX Staubsauger VC 6 L MC 230V Kompaktsauger	Kompakter, mobiler Sauger für die Endmontage und Fahrzeugreinigung.
7163	08 Staub & Absaugung	Türschleusen	1	FLEX Staubschutz Türe zu VAC 800-EC  10 Stück	Schottet den Arbeitsbereich zuverlässig gegen Staubausbreitung ab.
7164	08 Staub & Absaugung	Zubehör Luftreiniger	1	FLEX Schlauch SH 125x5m C passend zu Bau-Luftreiniger VAC 800-EC	Flexibler Anschlussschlauch für den VAC 800-EC in drei Längen.
6333	09 Akku-Maschinen & Zubehör	Akku-Schlagbohrschrauber	4	Flex Schlagbohrschrauber PD 2G 18.0 EC HD	Hohes Drehmoment von 158 Nm für kraftvolles Bohren und Schrauben.
5785	09 Akku-Maschinen & Zubehör	Akku-Winkelschleifer	5	FLEX LBE 125 18.0-EC C Akku Winkelschleifer	Kabelloser Winkelschleifer mit bürstenlosem Motor für flexibles Arbeiten.
6009	09 Akku-Maschinen & Zubehör	Akku-Winkelschleifer	5	FLEX L 125 18.0-EC C Akku Winkelschleifer	Leichter Akku-Winkelschleifer mit bürstenlosem Motor für flexiblen Einsatz.
7409	09 Akku-Maschinen & Zubehör	Akku-Winkelschleifer	4	FLEX LBE 76 12-EC C Winkelschleifer	Kompakter 12V-Akku-Winkelschleifer für Rechts- und Linkshänder dank drehbarem Kopf.
7688	09 Akku-Maschinen & Zubehör	Akku-Winkelschleifer	4	FLEX Akku Winkelschleifer LBE 76 12-EC SET	Einsatzbereites Komplettset des Mini-Winkelschleifers inklusive Akku und Zubehör.
6656	09 Akku-Maschinen & Zubehör	Akku-Winkelschleifer 125 mm	5	FLEX LB 125 18.0-EC C Akku Winkelschleifer ohne Akku	Bürstenloser Akku-Winkelschleifer mit hoher Sicherheit und Effizienz.
7322	09 Akku-Maschinen & Zubehör	Akku-Winkelschleifer 125 mm	4	FLEX LBP 125-15 18-EC C Winkelschleifer	Industrietauglicher Akku-Winkelschleifer mit Totmann-Sicherheitsschalter.
7072	09 Akku-Maschinen & Zubehör	Akku-Winkelschleifer 125 mm Set	5	FLEX LB 125 Winkelschleifer 18.0-EC 5.0 SET	Komplett-Set: Akku-Winkelschleifer inkl. Akkus, Ladegerät und Koffer.
6864	09 Akku-Maschinen & Zubehör	Akkus	5	FLEX Akku AP 18.0 Volt / 2.5Ah / 5.0 Ah / 8Ah	Ersatz- oder Zusatzakku für alle FLEX 18-V-Maschinen.
6493	09 Akku-Maschinen & Zubehör	Akkus & Ladegeräte	4	FLEX Akku Pack P-Set 88 R	Leistungsstarkes Akku-Starterset für langes, unterbruchsfreies Arbeiten.
6494	09 Akku-Maschinen & Zubehör	Akkus & Ladegeräte	4	FLEX Akku Pack P-Set 55 R	Günstiges Akku-Starterset für den Alltag auf der Baustelle.
6694	09 Akku-Maschinen & Zubehör	Akkus & Ladegeräte	3	FLEX Akku Pack P-Set 22 Q 18 Volt und zwei Akku 2.5Ah 18V	Günstiger Einstieg ins FLEX-18-V-Akkusystem.
6257	09 Akku-Maschinen & Zubehör	Baustrahler	3	FLEX LED Akku Baustrahler CL 5000 10.8/18.0	Helle, robuste Baustellenbeleuchtung mit Memory-Funktion und USB-C-Ausgang.
6277	09 Akku-Maschinen & Zubehör	Baustrahler	3	FLEX LED Akku Baustrahler CL 10000 10.8/18.0	Kraftvolle Baustellenbeleuchtung für grössere Flächen.
6783	09 Akku-Maschinen & Zubehör	Baustrahler	3	FLEX Akku-Baustrahler mit Stativ TL 4000 18.0/230V	Leistungsstarker Akku-Baustrahler mit flexibler Ausleuchtung und Stativ.
6948	09 Akku-Maschinen & Zubehör	Ladegeräte	3	FLEX Doppel-Ladegerät CA 2x 12/18V	Ladet zwei FLEX-Akkus gleichzeitig, schnell und ohne Wartezeit.
6066	09 Akku-Maschinen & Zubehör	Multitool	4	FLEX MT 18.0-EC C Akku Multitool	Vielseitiges Multitool zum Entfernen von altem Fugenmörtel, Kleber und Silikon.
6280	09 Akku-Maschinen & Zubehör	Multitool-Zubehör	3	FEIN Segmentmesser SLM Diamant 1.2 mm	Präzises Austrennen dünner Fugen ohne Überschnitt in Ecken und Kanten.
6281	09 Akku-Maschinen & Zubehör	Multitool-Zubehör	3	FEIN Segmentmesser SLM Diamant 2.2 mm	Austrennen breiterer Fugen ohne Überschnitt in Ecken und Kanten.
6282	09 Akku-Maschinen & Zubehör	Multitool-Zubehör	2	FEIN E-Cut Sägeblatt SLP U-BIM 60x44mm	Universalsägeblatt für vielseitige Trennschnitte am Multitool.
6284	09 Akku-Maschinen & Zubehör	Multitool-Zubehör	2	FEIN E-Cut Metall-Sägeblatt SLM HM Carbide Pro	Extrem verschleissfestes Tauchsägeblatt für harte Metalle.
6781	09 Akku-Maschinen & Zubehör	Ventilator	2	FLEX Akku Ventilator 18.0/230 V	Flexibler Baustellen-Ventilator, betreibbar mit Akku oder Netzteil.
5750	10 Maschinen 230 V	Betonschleifer	3	FLEX  LD 24-6 180 Betonschleifer	Kraftvolles Grossflächenschleifen von Beton mit integrierter Staubabsaugung.
7550	10 Maschinen 230 V	Betonschleifer	3	FLEX Aktion LDE 16-8 125 R, Kit Thermo-Super Betonschleifer #FLEX#Bodenbearbeitung	Staubarmer Betonschleifer mit optimal abgestimmtem Diamantschleiftopf im Set.
4132	10 Maschinen 230 V	Druckluft-Winkelschleifer	2	Druckluft Winkelschleifer Mini	Leichter Druckluft-Winkelschleifer für Radien und kleine Flächen.
7882	10 Maschinen 230 V	Schwingschleifer	3	FLEX OSE 2-80 EC Set Schwingschleifer	Vibrationsarmer, staubfreier Schwingschleifer für ermüdungsfreies Feinschleifen.
6323	10 Maschinen 230 V	Stockmaschine	2	FLEX ST 804 Stockmaschine Ø150mm mit 4 Stockstationen	Präzises Stocken und Aufrauen von Stein- und Betonoberflächen.
3129	10 Maschinen 230 V	Stockmaschinen	3	FLEX ST 1503 Stockmaschine Ø100 mm	FLEX-Stockmaschine zum schnellen, präzisen Aufrauen von Stein und Beton.
3133	10 Maschinen 230 V	Supraflex / Schleifmaschinen	4	FLEX SE 14-2 150 Set Supraflex	Kraftvoller Schleif-Spezialist zum Sanieren und Renovieren von Stein und Metall.
5167	10 Maschinen 230 V	Supraflex-Poliermaschine	3	FLEX SE 14-2 125 Supraflex Set	Vielseitiger Schleif-Spezialist mit Drehzahlregelung zum Sanieren und Polieren.
3125	10 Maschinen 230 V	Winkelschleifer	5	FLEX L3406 VRG Winkelschleifer	Universeller FLEX-Winkelschleifer zum Schleifen und Polieren mit stufenloser Drehzahl.
5529	10 Maschinen 230 V	Winkelschleifer 230 V	4	FLEX Aktion Winkelschleifer Set LBE 17-11 inkl. L12-11	Zwei hochwertige FLEX-Winkelschleifer im Aktionsset zum Vorteilspreis.
5754	10 Maschinen 230 V	Winkelschleifer 230 V	4	FLEX LB 17-11 Winkelschleifer Ø125mm Aufnahme M 14	Kraftvoller 1700-Watt-Winkelschleifer mit mechanischer Sicherheitsbremse.
6253	10 Maschinen 230 V	Winkelschleifer 230 V	4	FLEX L 12-11 125 Winkelschleifer	Leichter, universeller Winkelschleifer für den täglichen Einsatz.
6296	10 Maschinen 230 V	Winkelschleifer 230 V	4	FLEX L 1400 125 Winkelschleifer	Kompakter Einstiegs-Winkelschleifer mit werkzeugloser Schutzhaube.
6968	10 Maschinen 230 V	Winkelschleifer 230 V	4	FLEX Winkelschleifer 900 Watt LE 9-11 Ø125mm	Vielseitiger 230-V-Winkelschleifer für Metall, Bau und Renovierung.
7530	10 Maschinen 230 V	Winkelschleifer 230V	4	FLEX L 1606 VR Winkelschleifer 230V	Leistungsstarker 230V-Winkelschleifer mit 6-stufiger Drehzahlvorwahl und Anti-Kickback.
2407	11 Arbeitsschutz (PSA)	Arbeitsschürzen	2	Arbeitschürze AGRITEX 95x120	Robuste, öl- und säurebeständige Arbeitsschürze mit Schulterbändern.
2413	11 Arbeitsschutz (PSA)	Arbeitsschürzen	2	Arbeitsschürze mit Schultertragriemen	Reiss- und abriebfeste Schürze mit Schultertragriemen.
2414	11 Arbeitsschutz (PSA)	Arbeitsschürzen	2	PSA Arbeitschürze ANTICID, braun mit Halsriemen 90x140cm	Grosse, säure- und hitzebeständige Schürze für Nassbereichsarbeiten.
6588	11 Arbeitsschutz (PSA)	Atemschutz	3	PSA Atemschutzsystem OPTREL SWISS AIR BASIC	Leichter Gebläse-Atemschutz mit höchster Schutzklasse TH3/TM3.
3301	11 Arbeitsschutz (PSA)	Atemschutzmasken	3	Faltbare Partikelmaske 3M 10 Stück	Faltbare FFP3-Maske mit hohem Tragekomfort für staubige Arbeiten.
3302	11 Arbeitsschutz (PSA)	Atemschutzmasken	3	MOLDEX Feinstaubmaske M-3205 1 Stück	FFP3-Maske für Steinfeinstaub mit langer Einsatzdauer je Schicht.
4046	11 Arbeitsschutz (PSA)	Atemschutzmasken	3	Staub-Halbmaske Moldex 7000, ohne Filter	Wiederverwendbare Halbmaske als Basis für frei wählbare Filter.
3303	11 Arbeitsschutz (PSA)	Filter zu Atemschutzmasken	2	Gasfilter A1 zu Moldex 7000 pro Stück	Ersatz-Gasfilter für die Moldex-7000-Halbmaske.
3304	11 Arbeitsschutz (PSA)	Filter zu Atemschutzmasken	2	Partikel-Filter P3 R zu MOLDEX 7000 pro Stück	Ersatz-Partikelfilter P3R für die Moldex-7000-Halbmaske.
3257	11 Arbeitsschutz (PSA)	Gehörschutz	3	Kapselgehörschutz VS 120	Langlebiger Kapselgehörschutz mit hohem Tragekomfort für Dauereinsatz.
5635	11 Arbeitsschutz (PSA)	Handschuhe	4	PSA Schutzhandschuhe SHOWA 380	Griffsicherer Allround-Handschuh für nasse und trockene Baustellenarbeit.
6837	11 Arbeitsschutz (PSA)	Handschuhe	4	PSA Nitril Handschuhe schwarz, Box à 100Stk, Grösse M/L/XL	Robuste, öl- und fettbeständige Einweghandschuhe für die Baustelle.
6058	11 Arbeitsschutz (PSA)	Knieschoner	5	Knieschoner schwarz durchstichfest	Durchstichfester Knieschutz für kniendes Arbeiten auf der Baustelle.
6059	11 Arbeitsschutz (PSA)	Knieschoner	5	Knieschoner Poly	Rutschhemmender Komfort-Knieschoner, waschbar bei 30 Grad.
131	11 Arbeitsschutz (PSA)	Rückenstützgürtel	3	Rückenstützgürtel Gr. M-XL	Entlastet den Rücken bei schwerem Heben auf der Baustelle.
1871	11 Arbeitsschutz (PSA)	Schutzbrillen	3	Schutzbrille VISTA mit Glasgläser	Robuste Universal-Schutzbrille mit splitterfreien Glasgläsern.
1872	11 Arbeitsschutz (PSA)	Schutzbrillen	2	Schutzbrille für Brillenträger	Überbrille für Brillenträger, passt über die eigene Korrekturbrille.
1203	11 Arbeitsschutz (PSA)	Schutzärmel	2	Schutzärmel PVC grau Paar Gr	Schützt Arme beim Verlegen vor Nässe und Spritzern.
2421	11 Arbeitsschutz (PSA)	Schutzärmel	2	Schutzärmel PVC grün Paar	Schützt Arme beim Verlegen vor Nässe und Spritzern.
7981	12 Baustellenbedarf & Verbrauch	Abdeckvlies	4	FERROSIL Abdeckvlies Rolle atmungsaktiv 1mx50m 140gr./m2	Schützt frisch verlegte Böden und lässt gleichzeitig Restfeuchte entweichen.
7982	12 Baustellenbedarf & Verbrauch	Abdeckvlies	4	FERROSIL Abdeckvlies Rolle PRO 1mx50m 180gr./m2 Premium Qualität	Premium-Abdeckvlies mit PE-Folie für sicheren Rundumschutz auf der Baustelle.
7983	12 Baustellenbedarf & Verbrauch	Abdeckvlies	4	FERROSIL Abdeckvlies Rolle Classic 1mx50m 120gr./m2	Kostengünstiges Einstiegs-Abdeckvlies mit rückstandsfreiem Kleber.
4570	12 Baustellenbedarf & Verbrauch	Bürsten	1	Messingdrahtbürste Zeintra 3 Reihen	Sanfte Reinigung leicht angerosteter Metallteile ohne Beschädigung der Oberfläche.
2036	12 Baustellenbedarf & Verbrauch	Drahtbürsten	2	Drahtbürste Zeintra	Solide Drahtbürste zum Reinigen und Entfernen von Rückständen.
7399	12 Baustellenbedarf & Verbrauch	Fliesenlochzange	3	KNIPEX Fliesenlochzange (Papageienschnabelzange)	Vergrössert vorgebohrte Löcher in Fliesen ohne Sägen, mit wenig Kraftaufwand.
7384	12 Baustellenbedarf & Verbrauch	Gipserbeil	2	RUTHE Gipserbeil Stahlrohr VPA	VPA/GS-geprüftes Gipserbeil mit Flaschenöffner und Nagelzug in einem Werkzeug.
3389	12 Baustellenbedarf & Verbrauch	Handwaschpaste	2	AKEMI afin® Handwaschpaste	PH-neutrale Handwaschpaste für gröbste Verschmutzungen auf der Baustelle.
6135	12 Baustellenbedarf & Verbrauch	Handwerkzeug	2	KRAFTWERK Schlosserhammer	Leichter Allzweckhammer mit Fiberglasstiel für ermüdungsfreies Arbeiten.
7040	12 Baustellenbedarf & Verbrauch	Klebeband	2	tesa 4342 Hochtemperatur-Präzisionskrepp Premium 50mx38mm	Präzises Abdeckband für scharfe Kanten bei Maler- und Lackierarbeiten.
7400	12 Baustellenbedarf & Verbrauch	Monierzange	2	KNIPEX Monierzange (Rabitz-oder Flechterzange) 250	Verdrillt und schneidet Bindedraht in einem Arbeitsgang, kraftsparend.
7401	12 Baustellenbedarf & Verbrauch	Monierzange	2	KNIPEX Monierzange (Rabitz-oder Flechterzange) 300	Verdrillt und schneidet Bindedraht in einem Arbeitsgang, kraftsparend.
6851	12 Baustellenbedarf & Verbrauch	Putzlappen	3	Putzlappen Trikotstoff 5kg bunt	Vielseitiger Putzlappen für Reinigungs- und Wischarbeiten auf der Baustelle.
6852	12 Baustellenbedarf & Verbrauch	Putzlappen	3	Putzlappen Trikotstoff 5kg weiss	Fusselarmer, weisser Putzlappen für saubere Reinigungs- und Poliergänge.
6527	12 Baustellenbedarf & Verbrauch	Putzpapier	2	Putztuch XXL Rollen 1Stk Blau 1000 Stk Papier 3-lagig	Grosse, reissfeste Putzpapierrolle für den täglichen Baustelleneinsatz.
2025	12 Baustellenbedarf & Verbrauch	Spachtel	2	Malerspachtel	Robuster Stahlspachtel für Maler- und Verputzarbeiten.
3460	12 Baustellenbedarf & Verbrauch	Spachtel	1	Stukkateurspachtel 25mm	Zweiseitiger Feinspachtel für präzise Ausbesserungsarbeiten.
7949	13 Sanitär-Montage	Spülkasten-Betätigung	2	EdPlit versteckter Spühlkasten Betätigung M1 Geberit	Flächenbündige Spültaste, verschwindet vollständig hinter den Fliesen.
7954	13 Sanitär-Montage	Spülkasten-Betätigung	2	EdPlit versteckter Spühlkasten Betätigung M4 Geberit	Flächenbündige Spültaste, kompatibel mit fast allen gängigen Spülsystemen.
7850	13 Sanitär-Montage	Versteckte Handtuchhalter	2	EdPlit 3Stk. Verstecktes Handtuchhalter-Set	Handtuchhaken verschwinden vollständig in der gefliesten Wand, inkl. Lochsäge.
7851	13 Sanitär-Montage	Versteckte Handtuchhalter	2	EdPlit 5Stk. Verstecktes Handtuchhalter-Set	Handtuchhaken verschwinden vollständig in der gefliesten Wand, inkl. Lochsäge.
