3239	Plattenleger	01 Messen & Anzeichnen	Anreisswerkzeuge	4	Steinhauer-Bleistift flachoval	040-784	Bruchfester Anreissstift für Markierungen auf rauen Oberflächen.
1080	Plattenleger	01 Messen & Anzeichnen	Anschreibmaterial	3	Pentel NN50 Filzstift	100-200	Wasserfester Marker für dauerhafte Anschriften.
7315	Plattenleger	01 Messen & Anzeichnen	Kreuzlinienlaser	2	FLEX Aktion Selbstnivellierender Kreuzlinien-Laser ALC 3/1-G/R	050-572	Selbstnivellierender Kreuzlinien-Laser mit Lotfunktion.
6108	Plattenleger	01 Messen & Anzeichnen	Linienlaser	2	FLEX  Aktion Akku Linienlaser 360° ALC3/360-G/R 12 Volt	050-278	Akku-Kreuzlinienlaser 360° mit grüner Laserlinie und Selbstnivellierung.
7566	Plattenleger	02 Schneiden & Trennen	Brückensäge-Trennscheiben Grossformat	4	FERRAMICS Ø350/30 Blau für Tischsägen	031-215 350 30	Diamanttrennscheibe für Grossformatplatten wie Dekton und Neolith.
4026	Plattenleger	02 Schneiden & Trennen	Diamant-Trennscheiben	4	Bildhauer Diamanttrennscheiben für Trockenschnitt		Diamanttrennscheibe mit Vollmantelbelag für Bildhauerarbeiten.
6322	Plattenleger	02 Schneiden & Trennen	Diamanttrennscheiben	4	DTS ø150 X M14 LASER Performer ohne Kühllöcher	032-115	Universal-Diamanttrennscheibe für Stein und Beton, Ø 150 mm.
2652	Plattenleger	02 Schneiden & Trennen	Diamanttrennscheiben	4	KGS Swiflex-COBRA Diamanttrennscheibe mit Aufnahme M14		Universelle Trenn- und Schruppscheibe, galvanisiert.
7229	Plattenleger	02 Schneiden & Trennen	Diamanttrennscheiben	4	NORTON DTS Ø125mm/22,2mm Mr. Invincible	030-600 125	Universal-Diamanttrennscheibe Ø125mm, nass und trocken, unzerstörbar.
7230	Plattenleger	02 Schneiden & Trennen	Diamanttrennscheiben	4	NORTON DTS Ø230mm/22,2mm Mr. Invincible	030-600 230	Universal-Diamanttrennscheibe Ø230mm, nass und trocken, unzerstörbar.
6359	Plattenleger	02 Schneiden & Trennen	Diamanttrennscheiben (Ferrix)	4	FERRIX DTS EPIC Ø230 Ceramics Aufnahme 22.2mm	031-199 230	Ferrix-Trennscheibe für Feinsteinzeug und Grossformate, Ø 230 mm.
6360	Plattenleger	02 Schneiden & Trennen	Diamanttrennscheiben (Ferrix)	4	FERRIX DTS EPIC Ø250 Ceramics Aufnahme 25.4mm	031-199 250	Ferrix-Trennscheibe für Feinsteinzeug und Grossformate, Ø 250 mm.
6364	Plattenleger	02 Schneiden & Trennen	Diamanttrennscheiben (Ferrix)	4	FERRIX DTS EPIC Ø115 mm Ceramics Aufnahme 22.2mm	031-199 115	Ferrix-Trennscheibe für Feinsteinzeug, kompaktes Format Ø 115 mm.
6365	Plattenleger	02 Schneiden & Trennen	Diamanttrennscheiben (Ferrix)	4	FERRIX DTS EPIC Ø125 Ceramics Aufnahme 22.2mm	031-199 125	Ferrix-Trennscheibe für Feinsteinzeug, Standardformat Ø 125 mm.
6366	Plattenleger	02 Schneiden & Trennen	Diamanttrennscheiben (Ferrix)	4	FERRIX DTS EPIC Ø150 Ceramics Aufnahme 22.2mm	031-199 150	Ferrix-Trennscheibe für Feinsteinzeug, Ø 150 mm.
6367	Plattenleger	02 Schneiden & Trennen	Diamanttrennscheiben (Ferrix)	4	FERRIX DTS EPIC Ø180 Ceramics Aufnahme 22.2mm	031-199 180	Ferrix-Trennscheibe für Feinsteinzeug, Ø 180 mm.
7469	Plattenleger	02 Schneiden & Trennen	Diamanttrennscheiben Feinsteinzeug	4	ESTHETE 2.0 Diamanttrennscheibe Ø115mm x 1.1mm x 22.23mm	032-670	Extradünne Trennscheibe für saubere Schnitte in glasierter Keramik.
7471	Plattenleger	02 Schneiden & Trennen	Diamanttrennscheiben Feinsteinzeug	4	Diamanttrennscheibe PERFECT Ø125mm x 1.5mm M14	032-674	Robuste 1,5-mm-Trennscheibe für saubere Kanten in Feinsteinzeug.
7472	Plattenleger	02 Schneiden & Trennen	Diamanttrennscheiben Feinsteinzeug	4	TERMIT Diamanttrennscheibe Ø76mm	032-668	Kompakte Trennscheibe für sauberen Schnitt in dickem Feinsteinzeug.
7473	Plattenleger	02 Schneiden & Trennen	Diamanttrennscheiben Feinsteinzeug	4	COLIBRI Diamanttrennscheibe Ø76mm	032-666	Präzise Trennscheibe Ø76mm für filigrane Verkleidungsschnitte.
7614	Plattenleger	02 Schneiden & Trennen	Diamanttrennscheiben Feinsteinzeug	4	FLEX Diamanttrennscheibe DIA-CD Ø76 x 1.2 x 10mm	050-692	Präzisionstrennscheibe für Hartkeramik ohne Abplatzungen.
7703	Plattenleger	02 Schneiden & Trennen	Diamanttrennscheiben Feinsteinzeug	4	DISTAR DTS HARD CERAMICS Ø200mm x 25.4 x 1.5mm		Diamanttrennscheibe mit hoher Standzeit für dekorierte Keramik.
7726	Plattenleger	02 Schneiden & Trennen	Diamanttrennscheiben Feinsteinzeug	4	Elegant  DTS Ø100mm x 1mm x 10mm trocken für Keramik & Feinsteinzeug	032-724	Feinschnitt-Trennscheibe ohne Absplitterungen bei glasierten Fliesen.
7845	Plattenleger	02 Schneiden & Trennen	Diamanttrennscheiben Feinsteinzeug	4	DISTAR Shine Ø125/0.6mm DTS für Akku Geräte	032-671 125	Ultradünne Trennscheibe für nassen Schnitt an Akku-Geräten.
7864	Plattenleger	02 Schneiden & Trennen	Diamanttrennscheiben Feinsteinzeug	4	DISTAR MasterCUT Ø76 Diamanttrennscheibe trocken für Keramik	032-669 76	Trennscheibe für Feinsteinzeug an leistungsschwachen 76-mm-Geräten.
7865	Plattenleger	02 Schneiden & Trennen	Diamanttrennscheiben Feinsteinzeug	4	DISTAR MasterCUT Ø125mm Diamanttrennscheibe trocken für Keramik	032-669 125	Diamanttrennscheibe für Feinsteinzeug und Glas mit hoher Standzeit.
6280	Plattenleger	02 Schneiden & Trennen	FEIN Multitool-Zubehör	4	FEIN Segmentmesser SLM Diamant 1.2 mm	050-003 SM12	Diamant-Segmentmesser für dünne Fugen, 1,2 mm Schnittbreite.
6281	Plattenleger	02 Schneiden & Trennen	FEIN Multitool-Zubehör	4	FEIN Segmentmesser SLM Diamant 2.2 mm	050-003 SM22	Diamant-Segmentmesser für Fugen, 2,2 mm Schnittbreite.
6282	Plattenleger	02 Schneiden & Trennen	FEIN Multitool-Zubehör	3	FEIN E-Cut Sägeblatt SLP U-BIM 60x44mm	050-003 SLP U-BIM	Universal-Sägeblatt für Metall, Holz und Kunststoff.
6284	Plattenleger	02 Schneiden & Trennen	FEIN Multitool-Zubehör	3	FEIN E-Cut Metall-Sägeblatt SLM HM Carbide Pro	050-003 SLM HM	TiN-beschichtetes Hartmetall-Sägeblatt für harte Metalle.
6476	Plattenleger	02 Schneiden & Trennen	Feinsteinzeug-Sägeblätter	4	FERRIX DTS ICON Ø400 mm Step 2.5 mm Bohrung 60mm + BRETON NL	031-297 400	CNC-Sägeblatt für schnelles, leises Schneiden von Grossformat-Feinsteinzeug.
5937	Plattenleger	02 Schneiden & Trennen	Feinsteinzeug-Trennscheiben	4	BETCUT NSTTB1,2 Ø125mm / 150 mm Keramik mit M14 Premium CH Flansch		Keramik-Trennscheibe New Shape Turbo Thin Ø125/150mm für Feinsteinzeug-Trockenschnitt.
4066	Plattenleger	02 Schneiden & Trennen	Feinsteinzeug-Trennscheiben	4	BETCUT CERAMICS Turbo Nassanwendung		Trennscheibe für Feinsteinzeug im Materialmix mit Naturstein.
4096	Plattenleger	02 Schneiden & Trennen	Feinsteinzeug-Trennscheiben	4	KGS RED K835 Diamant Trennscheibe Ø115 - Ø125 mm		Präzise Trennscheibe für Keramik, Dekton und Terrazzo, trocken.
4242	Plattenleger	02 Schneiden & Trennen	Feinsteinzeug-Trennscheiben	4	KGS RED FINE CUT K840 CERAMICS	032-080	Feine Trennscheibe für Keramik und Naturstein, schmale Schnittfuge.
4243	Plattenleger	02 Schneiden & Trennen	Feinsteinzeug-Trennscheiben	4	BETCUT NSTTB CERAMICS		Dünnschnitt-Trennscheibe für Keramik, trocken.
5714	Plattenleger	02 Schneiden & Trennen	Feinsteinzeug-Trennscheiben (FLEX CS60)	4	FLEX DTS für Keramik & Feinsteinzeug FSZ-PLUS Ø170mm	030-605	Trennscheibe für Feinsteinzeug und Verbundglas am CS60.
5444	Plattenleger	02 Schneiden & Trennen	Feinsteinzeug-Trennscheiben (Grossformat)	4	FERRAMICS Ø400/60 Blau	031-215 400	Brückenfräs-Trennscheibe für Dekton, Laminam und Neolith.
7946	Plattenleger	02 Schneiden & Trennen	Feinsteinzeug-Trennscheiben nass	4	DISTAR DTS HARD CERAMICS Advanced Ø200x1.5 x 25.4mm	032-678 ADVANCED 200	Trennscheibe für starkes Feinsteinzeug und Hartkeramik, nass.
6862	Plattenleger	02 Schneiden & Trennen	Feinsteinzeug-Trennsysteme	4	CERAMIC TS 300x30mm EXTREME Gres Silencio	030-562	Diamanttrennscheibe für dickes Feinsteinzeug, bis zu 8x leiser.
7399	Plattenleger	02 Schneiden & Trennen	Fliesenzangen	2	KNIPEX Fliesenlochzange (Papageienschnabelzange)	130-180	Fliesenlochzange zum Erweitern von Bohrlöchern ohne Sägen.
7467	Plattenleger	02 Schneiden & Trennen	Handfliesenschneider	3	Fliesenschneider TRACER 1200	032-664	Handfliesenschneider für präzise Schnitte bis 1200 mm.
7728	Plattenleger	02 Schneiden & Trennen	Proxxon/Distar-Schneidsystem	5	BUTTERFLY DTS Ø45mm x 0.58mm x 0.45mm trocken für Keramik & Feinsteinzeug	032-730	Präzise 45-mm-Trennscheibe für saubere Kanten in Feinsteinzeug.
7878	Plattenleger	02 Schneiden & Trennen	Proxxon/Distar-Schneidsystem	5	PROXXON/DISTAR Starter Set	060-211 S1	Komplettes Einsteiger-Set für das Proxxon/Distar-Schneidsystem.
7852	Plattenleger	02 Schneiden & Trennen	Proxxon/Distar-Schneidsystem	4	DISTAR Spraynozzle und Schutz für BUTTERFLY nass	032-731	Sprühkühlung für sauberes Nassschneiden mit der Butterfly-Scheibe.
7863	Plattenleger	02 Schneiden & Trennen	Proxxon/Distar-Schneidsystem	4	DISTAR MasterCut DTS trocken für Keramik & Feinsteinzeug Ø 45mm	032-669 45	Feine Trennscheibe für präzise Schnitte an schwer zugänglichen Stellen.
7868	Plattenleger	02 Schneiden & Trennen	Proxxon/Distar-Schneidsystem	4	DISTAR Spraynozzle und Schutz für BUTTERFLY nass für Keramik & Feinsteinzeug - Proxxon	032-731 SA	Sprühkühlung für die Butterfly-Scheibe am Proxxon-Gerät.
7912	Plattenleger	02 Schneiden & Trennen	Proxxon/Distar-Schneidsystem	3	Wassergefäss zu Proxxon mit Messing Nozzle	032-731 FL	Wassergefäss mit Messingdüse für die Butterfly-Sprühkühlung.
7866	Plattenleger	02 Schneiden & Trennen	Schneidetische	3	DISTAR CeraMAX 1200 TELESCOPE 2.0 Schneidetisch	032-665	Höhenverstellbarer Schneidetisch für rückenschonendes Arbeiten.
7800	Plattenleger	02 Schneiden & Trennen	Schärfsteine	3	DISTAR Schärfstein 250x50x24mm K120/K240	032-752	Schärfstein zur Wiederherstellung stumpfer Diamantscheiben.
4699	Plattenleger	02 Schneiden & Trennen	StoneLux-Reparatur	3	TRED Diamanttrennscheibe Ø22mm	020-266	Feine Dental-Diamanttrennscheibe für Präzisionsschnitte im StoneLux-Set.
6485	Plattenleger	02 Schneiden & Trennen	Tischsägen	2	Tischfräse ACHILLI ALU130PL	070-028 1300	Robuste 350er-Tischsäge zum präzisen Schneiden von Fliesen und Naturstein.
6609	Plattenleger	02 Schneiden & Trennen	Tischsägen	2	Husqvarna Tischsäge TS 73 R	050-410	Präzise Fliesen-Brückensäge für Schnittlängen bis 730 mm.
4987	Plattenleger	02 Schneiden & Trennen	Trenn-/Schruppscheiben Feinsteinzeug	4	DTS Trenn-u. Schruppscheibe für Fliesen und Feinsteinzeug Ø125mm M14	031-826	Premium-Scheibe für Bündigschnitt und Anfasen an Feinsteinzeug.
4429	Plattenleger	02 Schneiden & Trennen	Trennscheiben Feinsteinzeug	4	FERRAMICS Ø300/30+TK2x12	031-215 300	Diamanttrennscheibe für DEKTON, LAMINAM und NEOLITH.
4483	Plattenleger	02 Schneiden & Trennen	Trennscheiben Feinsteinzeug	4	FERRAMICS ZooZ Ø450/60	031-215 450	Grossformat-Diamanttrennscheibe für DEKTON, LAMINAM, NEOLITH.
4901	Plattenleger	02 Schneiden & Trennen	Trennscheiben Feinsteinzeug	4	FERRAMICS Ø350/60 Blau	031-215 350	Diamanttrennscheibe für DEKTON, LAMINAM und NEOLITH, Ø 350 mm.
4808	Plattenleger	02 Schneiden & Trennen	Trennscheiben Nasskreissäge	4	BETCUT zu CS60/G Ø170/22,2mm	030-606	Trennscheibe für die FLEX-Nasskreissäge CS 60.
1375	Plattenleger	02 Schneiden & Trennen	Trennscheiben Tischsäge	4	Diamant TS Ceramics soft Extreme mit Vollbelag 9 mm		Diamant-Vollbelagscheibe für sauberen Nassschnitt von Fliesen und Naturstein.
7465	Plattenleger	03 Bohren & Fräsen	Bohrhilfsmittel	4	CoolGEL zum bohren in Keramik & Feinsteinzeug, Inhalt 250ml	032-660	Sauberes Bohrgel für Keramik und Feinsteinzeug ohne Staub oder Schmutzwasser.
4813	Plattenleger	03 Bohren & Fräsen	CNC-Falzfräser	3	Falzfräser mit Vollbelag Ø 10mm	030-632	CNC-Falzfräser mit Vollbelag für Feinsteinzeug.
4820	Plattenleger	03 Bohren & Fräsen	CNC-Falzfräser	3	CNC Fingerfräser 22 mm x 25 mm für UCS CERAMICS	030-726	Fingerfräser für UCS-Feinsteinzeug mit minimalen Abplatzern.
4821	Plattenleger	03 Bohren & Fräsen	CNC-Falzfräser	3	Fräser 20x12 UCS CERAMICS	030-730	Absenkfräser für UCS-Feinsteinzeug am CNC.
4822	Plattenleger	03 Bohren & Fräsen	CNC-Falzfräser	3	Fräser 10x10xNL15 UCS CERAMICS	030-732	Kleiner CNC-Falzfräser für UCS-Feinsteinzeug.
5819	Plattenleger	03 Bohren & Fräsen	CNC-Fräser Feinsteinzeug/UCS	3	CNC Fingerfräser 22 mm x 35 mm für UCS CERAMICS	030-727	CNC-Fingerfräser für UCS-Materialien wie Dekton, Neolith, Laminam.
7050	Plattenleger	03 Bohren & Fräsen	CNC-Fräswerkzeuge	3	CNC MEM Fingerfräser Keramik Ø20 mm H 40 mm R1/2" Blueline	031-187	CNC-Fingerfräser Blueline für Keramik, Ø20mm.
7087	Plattenleger	03 Bohren & Fräsen	CNC-Fräswerkzeuge	3	Fräser 16x15 UCS CERAMICS Pos.2 1/2"GAS	030-731	CNC-Absenkfräser für Keramik-Falzarbeiten, Ø16mm.
3136	Plattenleger	03 Bohren & Fräsen	Diamantbohrmaschinen	2	FLEX BWE 16-9 14 Sacklochbohrer	050-190	Diamant-Sacklochbohrmaschine für schnelles, sauberes Bohren.
8043	Plattenleger	03 Bohren & Fräsen	Diamantfrässtifte	4	Diamantfrässtift fein / spitz 0.8x8x2.35mm Pack à 10 Stück	032-760	Feiner Diamantfrässtift für Detailarbeiten, 10er-Pack.
4040	Plattenleger	03 Bohren & Fräsen	Fugenfräser	3	BETCUT-FAT Ø 90 - 113mm Fugenfräser		Fugenfräser für Granit und universelle Anwendungen.
7048	Plattenleger	03 Bohren & Fräsen	Kernbohrständer	2	Husqvarna DS 250 Kernbohrständer, für BK mit max. Ø250mm	050-319	Kernbohrständer für Bohrkronen bis Ø250mm, winkelbar bis 60°.
7047	Plattenleger	03 Bohren & Fräsen	Kernbohrständer-Zubehör	2	Husqvarna Ring-Adapter für DS 150 und DS 250 Kernbohrständer	050-317	Spannring-Adapter für Husqvarna-Kernbohrständer DS 150/DS 250.
7841	Plattenleger	03 Bohren & Fräsen	Proxxon/Distar-Schneidsystem	4	PROXXON Akku Langhals - Winkelbohrmaschine LHW/A	060-210 A	Akku-Langhals-Winkelbohrmaschine für schwer zugängliche Stellen.
7843	Plattenleger	03 Bohren & Fräsen	Proxxon/Distar-Schneidsystem	4	PROXXON Akku Langhals - Winkelbohrmaschine LWB/A	060-212 A	Akku-Langhals-Winkelbohrmaschine für schwer zugängliche Stellen.
7307	Plattenleger	03 Bohren & Fräsen	SDS-plus-Bohrhämmer	2	FLEX CHE 2-28 R SDS-plus Kombi-Bohrhammer	050-558	800-Watt-Kombihammer für Bohren, Dübeln und leichtes Stemmen.
7799	Plattenleger	04 Schleifen, Kanten & Polieren	Aufnahmesysteme Polieren	4	DISTAR Aufnahmeteller Click & Lock Pro Ø100mm M14	050-736	Magnetischer Schnellwechsel-Teller für Polierpads.
5931	Plattenleger	04 Schleifen, Kanten & Polieren	Aufnahmeteller	3	Aufnahmeteller SF HART Ø130 SF M14 hart	050-146	Harter Aufnahmeteller Ø130mm mit M14-Innengewinde für SF-Bajonett-Schleifwerkzeuge.
4385	Plattenleger	04 Schleifen, Kanten & Polieren	Bodenpads FLEXIS	4	KGS FLEXIS® Ø430/17"		Bodenpad-System zum Reinigen und Polieren grosser Flächen.
4388	Plattenleger	04 Schleifen, Kanten & Polieren	Bodenpads FLEXIS	4	KGS Flexis FM  Ø150mm/6"		Kleinformatiges Bodenpad-System für Handwinkelschleifer.
4207	Plattenleger	04 Schleifen, Kanten & Polieren	Diamant-Gravurstifte	4	DSK 3mm Set Gravurstifte gesintert 10 verschiedene Formen	031-554	10-teiliges Gravurstift-Set in praktischer Box, sofort einsatzbereit.
4094	Plattenleger	04 Schleifen, Kanten & Polieren	Diamant-Handfeilen	3	KGS FILEX Diamant Hand-Feilen flach 40x20 mm		Diamant-Handfeile für Kanten- und Nacharbeit an Naturstein.
6242	Plattenleger	04 Schleifen, Kanten & Polieren	Diamant-Handpads	4	KGS HANDPAD DIFLEX 75x75mm		Flexibles Diamant-Handpad für profilierte Oberflächen.
5999	Plattenleger	04 Schleifen, Kanten & Polieren	Diamant-Schleifkegel	3	Diamant Schleifkegel Ø 35 mm M14	031-966	Diamant-Schleifkegel Ø35mm für Feinschliff und Konturen.
6000	Plattenleger	04 Schleifen, Kanten & Polieren	Diamant-Schleifkegel	3	Diamant Schleifkegel Ø 38 mm M14	031-968	Vakuumgelöteter Diamant-Schleifkegel Ø38mm.
6001	Plattenleger	04 Schleifen, Kanten & Polieren	Diamant-Schleifkegel	3	Diamant Schleifkegel gekröpft Ø 48 mm M14	031-970	Gekröpfter Diamant-Schleifkegel Ø48mm für schwer zugängliche Stellen.
6002	Plattenleger	04 Schleifen, Kanten & Polieren	Diamant-Schleifkegel	3	Diamant Schleifkegel Ø 50 mm M14	031-972	Vakuumgelöteter Diamant-Schleifkegel Ø50mm.
4424	Plattenleger	04 Schleifen, Kanten & Polieren	Diamant-Schleifpads	4	BETCUT HONEYCOMB PAD Ø150 mm 1- 6		Wabenpad für Hartgestein und Beton, Nass- und Trockenschliff.
7034	Plattenleger	04 Schleifen, Kanten & Polieren	Diamant-Schleifscheiben Trocken	4	FLEXIS HD DRY Diamantschleifscheibe ø125mm (5Stk.)		Diamant-Schleifscheiben Ø125mm, 5er-Pack, nass und trocken einsetzbar.
7035	Plattenleger	04 Schleifen, Kanten & Polieren	Diamant-Schleifscheiben Trocken	4	FLEXIS HD DRY Diamantschleifscheibe Ø150 mm 6" Black Agressive		Aggressive Diamant-Schleifscheiben Ø150mm, 5er-Pack.
4928	Plattenleger	04 Schleifen, Kanten & Polieren	Diamant-Schleifteller	3	PKD Schleiftopf blau 125mm	031-604	PKD-Schleiftopf für schnellen Abtrag ohne Verkleben.
5997	Plattenleger	04 Schleifen, Kanten & Polieren	Diamant-Topfscheiben	3	Diamant Topfscheibe Ø100mm M14	031-962	Vakuumgelötete Diamant-Topfscheibe Ø100mm.
5998	Plattenleger	04 Schleifen, Kanten & Polieren	Diamant-Topfscheiben	3	Diamant Topfscheibe Ø115 mm M14	031-964	Vakuumgelötete Diamant-Topfscheibe Ø115mm.
6342	Plattenleger	04 Schleifen, Kanten & Polieren	Diamantschleifscheiben (Telum)	4	Telum Dry Diamantschleifscheibe ø115x25 QRS grau K50-800		Diamantschleifscheibe für Trockenschliff harter Steine.
6413	Plattenleger	04 Schleifen, Kanten & Polieren	Diamantschleifscheiben (Telum)	4	KGS Telum Dry Diamantschleifscheibe ø100x15 QRS K50-800		Diamantschleifscheibe für Trockenschliff harter Steine, Ø 100 mm.
5993	Plattenleger	04 Schleifen, Kanten & Polieren	Diamantschleifscheiben (vakuumgelötet)	3	Diamant Trenn- und Schleifscheibe Ø 30 mm M14	031-952	Vakuumgelötete Diamant-Trenn- und Schleifscheibe Ø30mm.
5994	Plattenleger	04 Schleifen, Kanten & Polieren	Diamantschleifscheiben (vakuumgelötet)	3	Diamant Trenn- und Schleifscheibe Ø40 mm M14	031-954	Vakuumgelötete Diamant-Trenn- und Schleifscheibe Ø40mm.
7023	Plattenleger	04 Schleifen, Kanten & Polieren	Diamantschleiftopf Beton	3	FLEX Thermo Super Ø150/22.2mm Diamantschleiftopf	050-520	Diamantschleiftopf für Betonschliff und Beschichtungsentfernung.
6283	Plattenleger	04 Schleifen, Kanten & Polieren	FEIN Multitool-Zubehör	3	FEIN Hartmetall-Raspel SL Verpackungseinheit 1 Stk Kantenlänge 80 mm	050-003 HRSL	Hartmetall-Raspel für Grobschliff, auch mit Absaugung.
6285	Plattenleger	04 Schleifen, Kanten & Polieren	FEIN Multitool-Zubehör	3	FEIN Schleifplatte ungelocht SL 3-Eck 81mm	050-003 SP1	Schutz-Schleifplatte für das FEIN-Multitool, dreieckig.
6286	Plattenleger	04 Schleifen, Kanten & Polieren	FEIN Multitool-Zubehör	3	FEIN Schleifplatte extra flach SL 3-Eck 81mm Starlock	050-003 SP2	Extra flache Schleifplatte für das FEIN-Multitool.
2390	Plattenleger	04 Schleifen, Kanten & Polieren	Handschleifmittel	3	KGS TELUM® Handrutscher 90 x 55 mm Körnung 50-3000		Diamant-Handrutscher mit Pfeilgeometrie.
345	Plattenleger	04 Schleifen, Kanten & Polieren	Kleinschleifkörper	4	KSK 6 Zylinderform lang keramisch ø25x38 K24/36	010-075	Zylindrischer Schleifstift aus Siliziumcarbid, Korn 24/36.
2635	Plattenleger	04 Schleifen, Kanten & Polieren	Kleinschleifkörper	3	KSK 6 Flammenform keramisch ø16x32mm K24/36	010-072	Keramischer Kleinschleifkörper in Flammenform.
3903	Plattenleger	04 Schleifen, Kanten & Polieren	Poliermittel	3	AKEMI Solid Wax		Hartwachs für lang anhaltenden Glanz auf Naturstein.
6421	Plattenleger	04 Schleifen, Kanten & Polieren	Poliersysteme	3	Aufnahmeteller ø140/180x20 M14 für Lammfelle	050-160	Aufnahmeteller M14 für Lammfellhauben, Ø 140/180 mm.
7984	Plattenleger	04 Schleifen, Kanten & Polieren	Proxxon/Distar-Schneidsystem	4	DISTAR DGM Schleiftopf Soft Edge Ø45mm	032-756	Schleiftopf für Graviergeräte, gegen Abplatzungen an Feinsteinzeug.
7727	Plattenleger	04 Schleifen, Kanten & Polieren	Proxxon/Distar-Schneidsystem	4	NECTAR DSK Ø45mm x 5.8 mm trocken für Keramik & Feinsteinzeug	032-732	Schleiftopf für effizientes Feinsteinzeug-Schleifen auf Kleingeräten.
7853	Plattenleger	04 Schleifen, Kanten & Polieren	Proxxon/Distar-Schneidsystem	4	DISTAR CoolPAD Ø50mm x3 mm x 7mm  Polierer #4	032-733 4	Polierpad Stufe 4 für gleichmässiges Trockenschleifen an Kleingeräten.
7854	Plattenleger	04 Schleifen, Kanten & Polieren	Proxxon/Distar-Schneidsystem	4	DISTAR CoolPAD Ø50mm x3 mm x 7mm  Polierer #3	032-733 3	Polierpad Stufe 3 für gleichmässiges Trockenschleifen an Kleingeräten.
7855	Plattenleger	04 Schleifen, Kanten & Polieren	Proxxon/Distar-Schneidsystem	4	DISTAR CoolPAD Ø50mm x3 mm x 7mm  Polierer #2	032-733 2	Polierpad Stufe 2 für gleichmässiges Trockenschleifen an Kleingeräten.
7856	Plattenleger	04 Schleifen, Kanten & Polieren	Proxxon/Distar-Schneidsystem	4	DISTAR CoolPAD Ø50mm x3 mm x 7mm  Polierer #1	032-733 1	Polierpad Stufe 1 für gleichmässiges Trockenschleifen an Kleingeräten.
7867	Plattenleger	04 Schleifen, Kanten & Polieren	Proxxon/Distar-Schneidsystem	4	DISTAR Schaumstützteller Ø50mm PROXXON	060-213 50	Klett-Stützteller für Polier- und Schleifmittel an Proxxon-Geräten.
7985	Plattenleger	04 Schleifen, Kanten & Polieren	Proxxon/Distar-Schneidsystem	3	DISTAR Support Adapter Ø19mm	032-758	Adapter ersetzt Spannzangen für präzises Feinsteinzeug-Schneiden.
7729	Plattenleger	04 Schleifen, Kanten & Polieren	Schleif- & Trenntöpfe	4	DISTAR MasterGRIND Ø115x1.8x30mm für Keramik und Glas	032-728	Diamant-Schleiftopf für abplatzungsfreies Schneiden und Schleifen.
4069	Plattenleger	04 Schleifen, Kanten & Polieren	Schleifscheiben KH	4	BETCUT SPIRALBRICK Ø 100mm, Trockenanwendung		Bewährtes Trocken-Polierpad für Granit und Hartgestein.
4986	Plattenleger	04 Schleifen, Kanten & Polieren	Schleifteller Keramik	3	Ferrix Schleifteller Keramik Ø100 mm M14	031-824	Keramik-Schleifteller für nass und trocken.
3125	Plattenleger	04 Schleifen, Kanten & Polieren	Winkelschleifer	2	FLEX L3406 VRG Winkelschleifer	050-184	Universeller Winkelschleifer zum Schleifen und Polieren.
3133	Plattenleger	04 Schleifen, Kanten & Polieren	Winkelschleifer	2	FLEX SE 14-2 150 Set Supraflex	050-006	Schleif-Spezialist für Sanierung von Stein-, Metall- und Holzoberflächen.
7383	Plattenleger	05 Verlegen, Heben & Transportieren	Fliesenlegerhämmer	3	PICARD Fliesenlegerhammer	040-839	Leichter, robuster Fliesenlegerhammer mit Hartmetallspitze.
7936	Plattenleger	05 Verlegen, Heben & Transportieren	Fliesenrüttler	3	FLEX Akku Fliesenrüttler TV 18-EC C	050-754	Akku-Fliesenrüttler für Grossformate bis 1200x2400 mm.
2192	Plattenleger	05 Verlegen, Heben & Transportieren	Montagegeräte	2	FERROFIX-Montagegerät	080-006	Präzises Montieren flächenbündiger Kochfelder.
7140	Plattenleger	05 Verlegen, Heben & Transportieren	Plattengreifer	3	Ferro Plattengreifer Gecko V3 Tragkraft 80kg	081-374	Plattengreifer Gecko für sicheren Transport, Tragkraft 80kg.
7141	Plattenleger	05 Verlegen, Heben & Transportieren	Saugheber	3	Ferro Saugheber Porter Compo	081-376	Saugheber mit Messingpumpe, Tragkraft bis 100kg horizontal.
7379	Plattenleger	05 Verlegen, Heben & Transportieren	Schonhämmer	2	SIMPLEX Schonhammer mit Alu-Gehäuse und Holzstiel, Ø 30/40/50/60 mm		Leichter Schonhammer ohne Farbabrieb, vier Grössen.
7969	Plattenleger	05 Verlegen, Heben & Transportieren	Vakuum-Verlegesystem	3	FLEX Aktion Grabo VLP + Fliesenrüttler TV 18-EC C	050-664	Kombi-Set Vakuumheber und Fliesenrüttler für Verlegearbeiten.
3279	Plattenleger	05 Verlegen, Heben & Transportieren	Vakuum-Verlegesystem	3	NEMO GRABO PRO Hard-Case	081-270	Akku-Vakuumsauger hebt grossformatige Platten bis 120 kg.
6957	Plattenleger	05 Verlegen, Heben & Transportieren	Vakuum-Verlegesystem	3	FLEX Aktion Twinpack 18V Akku Vakuumheber VLP 18.0 Grabo	050-000 AKT62	Doppelpack Akku-Vakuumheber, Tragkraft 130kg, mit Digitalanzeige.
6158	Plattenleger	05 Verlegen, Heben & Transportieren	Vakuum-Verlegesystem (GRABO)	3	NEMO GRABO - SlenderSeal	081-370	Schmale GRABO-Dichtlippe für das Heben schmaler Werkstücke.
8365	Plattenleger	05 Verlegen, Heben & Transportieren	Verlegehämmer	3	PICARD Plattenlegerhammer BlackTec®	041-572	Plattenlegerhammer mit rückschlaghemmendem Gummikopf.
8401	Plattenleger	05 Verlegen, Heben & Transportieren	Verlegehämmer	2	PICARD Gummihammer Grösse 2 + 3, zum Festschlagen von empfindlichen Bauteilen		Gummihammer zum schonenden Festschlagen empfindlicher Teile.
4300	Plattenleger	06 Kleben, Fugen & Gehrung	2K-Plattenkleber	4	AKEPOX PANEL ADHESIVE 7030 2K-Kleber	020-490	2K-Kleber für flächige Dünnkeramik- und Sandwich-Verklebungen.
5950	Plattenleger	06 Kleben, Fugen & Gehrung	AKEMI-Klebstoffe	4	AKEMI AKENOVA® ELASTIC 100		Elastischer 1K-Klebstoff für Naturstein-, Kunststein- und Fliesenverklebung.
5951	Plattenleger	06 Kleben, Fugen & Gehrung	AKEMI-Klebstoffe	4	AKEMI AKENOVA® ROCKET 200		Schnellklebstoff, handfest nach 20 Minuten, für Fensterbänke, Treppenstufen, Spülbecken.
2551	Plattenleger	06 Kleben, Fugen & Gehrung	Armierungsstäbe	3	FERROLAM Standard 10x3mm 100m	100-016	GFK-Fiberglasstäbe zur Plattenarmierung.
4247	Plattenleger	06 Kleben, Fugen & Gehrung	Bau- und Montagekleber	4	KGS MS-Polymer High Tack 360		MS-Polymer-Kleber für schwere Stein- und Keramikmontage.
5312	Plattenleger	06 Kleben, Fugen & Gehrung	Farbmusterkarten (AKEMI)	1	AKEMI Marmor-Silikontabelle (Musterkarte)	100-032	Farbmusterkarte für AKEMI-Marmorsilikon.
1327	Plattenleger	06 Kleben, Fugen & Gehrung	Fugendichtstoffe	4	AKEMI Composil - Colour Matched Silicone		Fugendichtstoff farbgenau abgestimmt auf Colour-Bond-Kleber.
7174	Plattenleger	06 Kleben, Fugen & Gehrung	Fugendichtstoffe	3	AKENOVA CLEAR 300 glasklar CC 2200 1K-Klebedichtstoff	020-098	Glasklarer 1K-Klebedichtstoff für Sichtfugen ohne Randverfärbung.
4215	Plattenleger	06 Kleben, Fugen & Gehrung	Fugenmasse	4	AKEMI FLEXY-ZEM		Fugenfüllstoff für Dehnfugen bei Grosskeramik und Naturstein.
4224	Plattenleger	06 Kleben, Fugen & Gehrung	Fugenzubehör/Glättmittel	3	AKEMI Glättmittel Universal (Konzentrat)		Konzentrat zum Glätten von Dichtstoffen, auch auf Naturstein.
948	Plattenleger	06 Kleben, Fugen & Gehrung	Fugwerkzeuge	3	WEFA-Set Fugenprofi 3-teilig	100-146	3-teiliges Fugwerkzeug-Set für systematisches Verfugen.
7849	Plattenleger	06 Kleben, Fugen & Gehrung	Gehrungsschnitt (45°)	4	DISTAR Duster 45° für 115 & 125mm Trennscheiben	032-663	Staubarmer Aufsatz für sauberes 45-Grad-Fliesenschneiden.
7861	Plattenleger	06 Kleben, Fugen & Gehrung	Gehrungsschnitt (45°)	4	DISTAR Edge Dry Diamanttrennscheibe für Keramik 45° Schnitt Ø125mm	032-667	Trennscheibe speziell für stabile, saubere 45-Grad-Gehrungsschnitte.
7862	Plattenleger	06 Kleben, Fugen & Gehrung	Gehrungsschnitt (45°)	4	DISTAR Edge Dry DTS für Keramik 45° Ø125mm mit M14 Flansch	032-667 M14	Trennscheibe mit M14-Flansch für stabile 45-Grad-Gehrungsschnitte.
2384	Plattenleger	06 Kleben, Fugen & Gehrung	Gehrungsverklebung	5	AKEMI COLOUR BOND Skelettpistole ECO 10:1	020-812	Manuelle Colour-Bond-Presse mit Kraftübersetzung 18:1.
2385	Plattenleger	06 Kleben, Fugen & Gehrung	Gehrungsverklebung	5	AKEMI COLOURBOND Metallpistole	020-810	Profi-Metallpistole für Colour Bond, Dauereinsatz.
4448	Plattenleger	06 Kleben, Fugen & Gehrung	Gehrungsverklebung	5	AKEMI Jollynator	020-280	Präziser Fugenaufsatz für Colour Bond P+, spart Kleber.
4705	Plattenleger	06 Kleben, Fugen & Gehrung	Gehrungsverklebung	4	EVERCLEAR 300		Vergilbungsfreier 2K-PUR-Kleber für Sichtfugen an Feinsteinzeug.
4710	Plattenleger	06 Kleben, Fugen & Gehrung	Gehrungsverklebung	4	KGS PU 2x25ml Mischdüse	021-152	Mischdüse für KGS-PU-Klebstoffe im 2x25-ml-Format.
7466	Plattenleger	06 Kleben, Fugen & Gehrung	Gehrungsverklebung	4	DISTAR Glider 45 PRO 2.0 für die perfekte Jolly Kante	032-662	Präzise 45-Grad-Führung für den perfekten Jolly-Schnitt.
3616	Plattenleger	06 Kleben, Fugen & Gehrung	Gehrungsverklebung	3	FERROLAM Standard 6x3mm 100m	100-012	Fiberglasstäbe zur Verstärkung von Arbeitsplatten-Verklebungen.
2052	Plattenleger	06 Kleben, Fugen & Gehrung	Gehrungsverklebung (Colour Bond & Jollynator)	5	AKEMI Farbfächer Colourchart + Colour Chart 2.0 APP	020-928	Farbfächer zur präzisen Zuordnung des AKEMI Colour Bond Systems.
5531	Plattenleger	06 Kleben, Fugen & Gehrung	Gehrungsverklebung (Colour Bond & Jollynator)	5	AKEMI Jollynator Set 90°+  135°		Abziehwerkzeug-Set für perfekte 90°/135°-Gehrungskanten.
5449	Plattenleger	06 Kleben, Fugen & Gehrung	Gehrungsverklebung (Colour Bond & Jollynator)	4	AKEMI Spectrum Pastes 51 Farben		Farbpaste in 51 Farben zum passgenauen Einfärben von Kleber.
6535	Plattenleger	06 Kleben, Fugen & Gehrung	Gehrungsverklebung (Colour Bond & Jollynator)	4	AKEMI AKEPOX 5010 Coloured		Aussentauglicher 2K-Konstruktionskleber, farblich passend zum Colour-Bond-System.
3069	Plattenleger	06 Kleben, Fugen & Gehrung	Kartuschenpistolen	3	AKEMI Zylinder Pistole COX 400ml	020-736	AKEMI-Handdruckpistole für 310-ml-Kartuschen und 400-ml-Folienbeutel.
3070	Plattenleger	06 Kleben, Fugen & Gehrung	Kartuschenzubehör	4	AKEMI Düse zu Silikon 310ml	020-728	Ersatzdüse für AKEMI Marmorsilikon-Kartuschen.
6197	Plattenleger	07 Reinigen, Schützen & Reparieren	AKEMI Imprägnierung	4	AKEMI Rapid Impregnator		Schnellwirkende Imprägnierung mit Abperleffekt für Natur- und Kunststein.
1478	Plattenleger	07 Reinigen, Schützen & Reparieren	AKEMI Reiniger Keramik	3	AKEMI Techno Ceramic Intensive Cleaner	020-648	Intensivreiniger für stark verschmutzte Keramikflächen.
3886	Plattenleger	07 Reinigen, Schützen & Reparieren	AKEMI-Reinigungssystem	4	AKEMI ACID Cleaner		Zementschleierentferner für Feinsteinzeug, Klinker und Keramik.
7981	Plattenleger	07 Reinigen, Schützen & Reparieren	Abdeckvlies	3	FERROSIL Abdeckvlies Rolle atmungsaktiv 1mx50m 140gr./m2	100-083 VLIES B	Selbsthaftendes Abdeckvlies für frisch verlegte Böden.
7982	Plattenleger	07 Reinigen, Schützen & Reparieren	Abdeckvlies	3	FERROSIL Abdeckvlies Rolle PRO 1mx50m 180gr./m2 Premium Qualität	100-083 VLIES P	Premium-Abdeckvlies, 180 g/m², selbsthaftend.
7983	Plattenleger	07 Reinigen, Schützen & Reparieren	Abdeckvlies	3	FERROSIL Abdeckvlies Rolle Classic 1mx50m 120gr./m2	100-083 VLIES C	Kostengünstiges Abdeckvlies, 120 g/m², für Böden und Treppen.
2212	Plattenleger	07 Reinigen, Schützen & Reparieren	Grundreinigung	4	AKEMI Crystal Clean Konzentrat		Schlierenfreier Alltagsreiniger als Konzentrat.
2503	Plattenleger	07 Reinigen, Schützen & Reparieren	Grundreinigung	4	AKEMI Intensivreiniger		Alkalischer Intensivreiniger für Grundreinigung.
2509	Plattenleger	07 Reinigen, Schützen & Reparieren	Grundreinigung	4	AKEMI Crystal Clean		Gebrauchsfertiger, schlierenfreier Alltagsreiniger.
2511	Plattenleger	07 Reinigen, Schützen & Reparieren	Grundreinigung	3	AKEMI Urin und Kalksteinentferner		Salzsäurefreier Entferner für Urin- und Kalkflecken.
6677	Plattenleger	07 Reinigen, Schützen & Reparieren	Imprägnierung	4	AKEMI Pearl Impregnator	021-112	Premium-Imprägnierung mit Abperleffekt bereits nach 10-20 Minuten.
2349	Plattenleger	07 Reinigen, Schützen & Reparieren	Imprägnierung	3	AKEMI Fugenimprägnierung	020-512	Wasser- und fettabweisende Fugenimprägnierung.
4019	Plattenleger	07 Reinigen, Schützen & Reparieren	Imprägnierung/Farbtonvertiefung	4	AKEMI TRANSFORMER MAX		Schnellwirkende Imprägnierung mit starker Farbtonvertiefung.
4065	Plattenleger	07 Reinigen, Schützen & Reparieren	Imprägnierung/Farbtonvertiefung	4	AKEMI Farbtonvertiefer Super		Farbtonvertiefer für dunkle Natursteine mit Langzeitwirkung.
7257	Plattenleger	07 Reinigen, Schützen & Reparieren	Keramik-Reparatursystem	4	AKEMI Ceramic Smart Repair Set	021-220	Profi-Set für nahezu unsichtbare Keramikreparaturen.
2339	Plattenleger	07 Reinigen, Schützen & Reparieren	Keramikpflege	4	AKEMI Techno Ceramic Daily Cleaner	020-650	Tägliches Pflegespray für Keramikoberflächen.
2337	Plattenleger	07 Reinigen, Schützen & Reparieren	Keramikpflege	3	AKEMI Techno-Ceramic-Set	020-652	Komplettset zur Pflege von Keramikflächen.
671	Plattenleger	07 Reinigen, Schützen & Reparieren	Oberflächenschutz	3	AKEMI Anti-Rutsch R9 1lt	020-606	Rutschhemmendes Mittel R9 für polierte Böden, ohne Politurverlust.
7926	Plattenleger	07 Reinigen, Schützen & Reparieren	Reinigung & Pflege	3	FERROSIL Seal-it® 450 PUR CLEANER	021-195	Löst frischen PU-Schaum und reinigt PUR-Pistolen.
681	Plattenleger	07 Reinigen, Schützen & Reparieren	Steinpflege-Sets	3	AKEMI Cystal Care Set,  Steinpflege	020-596	Komplettes Reinigungs- und Pflegeset für Marmor, Granit und Betonwerkstein.
2241	Plattenleger	07 Reinigen, Schützen & Reparieren	StoneLux-Reparatur	4	StoneLux 2.0Transpa Flow Spritze 3ml	020-202	Transparentes Reparaturmaterial für Kleinkorrekturen.
2254	Plattenleger	07 Reinigen, Schützen & Reparieren	StoneLux-Reparatur	4	StoneLux Silikon-Schleifleinen K 2400-4000		Feinstschleifleinen für die StoneLux-Endbearbeitung.
2258	Plattenleger	07 Reinigen, Schützen & Reparieren	StoneLux-Reparatur	4	SLx StoneLux® 2.0 Reinigungslösung 150ml cleaning solution	020-238	Reinigt Reparaturstellen vor der StoneLux-Anwendung.
2259	Plattenleger	07 Reinigen, Schützen & Reparieren	StoneLux-Reparatur	4	Slx StoneLux® 2.0 Polierpaste 150ml	020-240	Polierpaste für die StoneLux-Endbearbeitung.
7030	Plattenleger	07 Reinigen, Schützen & Reparieren	StoneLux-Reparatur	4	StoneLux Sparkanülen mit Metallröhrchen 10 Stk im Säckchen	020-246 ROSE	Dosierkanülen mit Metallröhrchen für das StoneLux-Reparatursystem.
2221	Plattenleger	07 Reinigen, Schützen & Reparieren	StoneLux-Reparatur	3	StoneLux® 2.0 Bluetron Handlichtgerät	020-252	Akku-Lichthärtegerät für StoneLux-Reparaturen.
2253	Plattenleger	07 Reinigen, Schützen & Reparieren	StoneLux-Reparatur	3	Slx StoneLux® 2.0 Schleif-& Polierblock	020-230	Zweiseitiger Block zum Schleifen und Polieren.
2260	Plattenleger	07 Reinigen, Schützen & Reparieren	StoneLux-Reparatur	3	Slx StoneLux® 2.0 Stift Retusche 1 ml	020-242	Retuschierstift für Mikroporositäten.
4515	Plattenleger	07 Reinigen, Schützen & Reparieren	StoneLux-Reparatur	3	Slx StoneLux® 2.0 Ceramic Kit Sortiment	020-194 CER	Komplettes Reparaturset für Quarzkomposit- und Keramikoberflächen.
4698	Plattenleger	07 Reinigen, Schützen & Reparieren	StoneLux-Reparatur	3	StoneLux Tile Opaquer 3ml	020-262	Opaquer zur farblichen Abdeckung der Scherbe im StoneLux-System.
7830	Plattenleger	07 Reinigen, Schützen & Reparieren	StoneLux-Reparatur	3	AKEMI Solvent à 50ml - Zum Anlösen der Farbe von den CERAMIC Colour Cards	021-222	Lösungsmittel zum Anlösen der Farbkarten für Keramikreparaturen.
7831	Plattenleger	07 Reinigen, Schützen & Reparieren	StoneLux-Reparatur	3	AKEMI Cleaner I à 30ml - lösungsmittelhaltiger Reiniger auf Alkoholbasis	021-224	Schonender Alkoholreiniger für Keramik vor der Reparatur.
7832	Plattenleger	07 Reinigen, Schützen & Reparieren	StoneLux-Reparatur	3	AKEMI Pinsel für Ceramic Smart Repair Set	021-228	Pinsel-Set für die Farbauftragung beim Ceramic Smart Repair.
7833	Plattenleger	07 Reinigen, Schützen & Reparieren	StoneLux-Reparatur	2	AKEMI Mischglas für Lösungsmittel	021-226	Wiederverschliessbares Mischglas für gelöste Farben.
2475	Plattenleger	07 Reinigen, Schützen & Reparieren	Unterhaltsreiniger	4	AKEMI Sanitärreiniger		Saurer Reiniger gegen Kalk und Seifenreste.
2496	Plattenleger	07 Reinigen, Schützen & Reparieren	Unterhaltsreiniger	4	AKEMI Steinseife		Mildes Pflegereinigungsmittel als Konzentrat.
6162	Plattenleger	08 Staub & Absaugung	Absaughauben	2	FLEX Absaughaube komplett für: LBE 17-11 Winkelschleifer	050-181 HAUBE	Absaughaube für randnahes, staubarmes Arbeiten am Winkelschleifer.
6236	Plattenleger	08 Staub & Absaugung	Absaughauben	2	FLEX Absaughaube  Ø125mm LD+LDE 15-10R/LD 18-7 125R	050-183 HAUBE	Werkzeuglos höhenverstellbare Absaughaube, Ø 125 mm.
6106	Plattenleger	08 Staub & Absaugung	Akku-Sauger	3	FLEX  Akku Staubsauger VC2 L HIP 18.0-EC Hüftsauger	050-274	Akku-Hüftsauger, kompakt tragbar am Körper, für staubarmes Arbeiten.
8253	Plattenleger	08 Staub & Absaugung	Baustellensauger	2	Husqvarna Staubsauger DE 35 H	050-301	Nass-/Trockensauger, Filterklasse H13, 35 Liter Volumen.
6607	Plattenleger	08 Staub & Absaugung	Kompaktsauger	2	FLEX Staubsauger VC 6 L MC 230V Kompaktsauger	050-332	Mobiler 6-Liter-Kompaktsauger mit FLEX-Clip-Anschluss für Elektrowerkzeuge.
6066	Plattenleger	09 Maschinen & Energie (Akku, 230 V, Druckluft, Benzin)	Akku-Multitool	3	FLEX MT 18.0-EC C Akku Multitool	050-272	Akku-Multitool mit StarlockMAX-Aufnahme für Sägen, Schneiden, Schleifen und Abkratzen.
6875	Plattenleger	09 Maschinen & Energie (Akku, 230 V, Druckluft, Benzin)	Akku-Rührwerk	2	FLEX 2-Gang Rührer Akku MXE 18.0 EC WR2 120	050-450	Bürstenloses Akku-Rührwerk für Fliesenkleber, Fugen- und Ausgleichsmasse.
6876	Plattenleger	09 Maschinen & Energie (Akku, 230 V, Druckluft, Benzin)	Akku-Rührwerk	2	FLEX 2-Gang Rührer Akku MXE 18.0 EC/5.0 Set & WR2 120	050-448	Komplett-Set: Akku-Rührwerk inkl. 2 Akkus und Ladegerät, einsatzbereit.
4132	Plattenleger	09 Maschinen & Energie (Akku, 230 V, Druckluft, Benzin)	Druckluftwerkzeuge	3	Druckluft Winkelschleifer Mini	060-082	Mini-Winkelschleifer für engste Radien, z.B. Beckenausschnitte.
4133	Plattenleger	09 Maschinen & Energie (Akku, 230 V, Druckluft, Benzin)	Druckluftwerkzeuge-Zubehör	2	Aufnahmeteller für DS-WS Mini	060-084	Klett-Aufnahmeteller für Druckluft-Winkelschleifer Mini.
5765	Plattenleger	09 Maschinen & Energie (Akku, 230 V, Druckluft, Benzin)	Fugen-/Nasstrennschneider Set	3	FLEX Aktion CS60 WET GRS160	050-000 AKT07	Nass-Fugenfräse/Trennschneider CS60 im Set mit Führungsschiene, für Wasserrinnen.
5167	Plattenleger	09 Maschinen & Energie (Akku, 230 V, Druckluft, Benzin)	Poliermaschinen (230V)	2	FLEX SE 14-2 125 Supraflex Set	050-010	Supraflex-Poliermaschine mit konstanter Drehzahl.
7933	Plattenleger	09 Maschinen & Energie (Akku, 230 V, Druckluft, Benzin)	Rührwerke	2	FLEX MXE 1000 + WR2 120 Rührwerk	050-688 1010	Rührwerk für pastöses bis zähes Rührgut bis 40 kg.
1203	Plattenleger	10 Arbeitsschutz (PSA)	Armschutz	3	Schutzärmel PVC grau Paar Gr	090-040	Schützt Arme vor Wasserspritzern und Feuchtigkeit.
6058	Plattenleger	10 Arbeitsschutz (PSA)	Knieschoner	4	Knieschoner schwarz durchstichfest	090-100	Durchstichfeste Knieschoner für Plattenleger, bis 250N.
6059	Plattenleger	10 Arbeitsschutz (PSA)	Knieschoner	4	Knieschoner Poly	090-102	Rutschhemmende Poly-Knieschoner mit hohem Tragekomfort.
7850	Plattenleger	12 Sanitär- & Montagesysteme	Verdeckte Handtuchhalter	3	EdPlit 3Stk. Verstecktes Handtuchhalter-Set	140-100	Verstecktes Handtuchhalter-Set mit 3 Haken, inklusive Lochsäge.
7851	Plattenleger	12 Sanitär- & Montagesysteme	Verdeckte Handtuchhalter	3	EdPlit 5Stk. Verstecktes Handtuchhalter-Set	140-101	Verstecktes Handtuchhalter-Set mit 5 Haken, inklusive Lochsäge.
7949	Plattenleger	12 Sanitär- & Montagesysteme	Verdeckte WC-Betätigung	2	EdPlit versteckter Spühlkasten Betätigung M1 Geberit	140-110 M1	Flächenbündige WC-Betätigung hinter Fliesen, Geberit-kompatibel.
7954	Plattenleger	12 Sanitär- & Montagesysteme	Verdeckte WC-Betätigung	2	EdPlit versteckter Spühlkasten Betätigung M4 Geberit	140-112 M4	Verdeckter WC-Taster, kompatibel mit acht Installationssystemen.
6094	Plattenleger	14 Modellieren & Formen (Ton, Keramik, StoneLux-Art)	StoneLux-Reparatur	4	StoneLux 2.0 Sanitary alpine white Spritze 2ml		StoneLux 2.0 Sanitary-Reparaturpaste für weisse Sanitärkeramik.
7377	Übergreifend	01 Messen & Anzeichnen	Anreissmarker	3	Lyra Universalschreiber, wachshaltige Mine		Universalmarker mit wachshaltiger Mine für alle Oberflächen.
7376	Übergreifend	01 Messen & Anzeichnen	Anreissstift-Ersatzminen	3	Lyra Dry Leads Ersatzminen Universal 2 H (12Stk) Ø2.8x100mm	040-928	Universal-Ersatzminen für Baumarker, 12 Stück.
7374	Übergreifend	01 Messen & Anzeichnen	Anreissstifte	3	Lyra Zimmermannstifte 333, flachoval	040-785	Profi-Zimmermannstift mit bruchfester Mine, 18 cm.
6926	Übergreifend	01 Messen & Anzeichnen	Laser-Distanzmesser	3	FLEX Laser Distanzmesser ADM 30 Smart	050-374	Kompakter Laser-Distanzmesser mit Flächen- und Volumenberechnung.
7312	Übergreifend	01 Messen & Anzeichnen	Laser-Entfernungsmesser	2	FLEX ADM 70 G Entfernungsmesser	050-568	Laser-Entfernungsmesser mit grüner Laserdiode bis 70 m.
7403	Übergreifend	01 Messen & Anzeichnen	Markier-Sets	3	LYRA Modern Marking Set 6teilig im praktischem Etui mit Klettverschluss	040-843	6-teiliges Markier-Set im praktischen Etui.
6137	Übergreifend	01 Messen & Anzeichnen	Messschieber	2	KRAFTWERK Schieblehre 150mm/0.05mm x 1/128"	130-124	Präzisions-Schieblehre aus rostfreiem Stahl für Aussen-, Innen- und Tiefenmessung.
6152	Übergreifend	01 Messen & Anzeichnen	Messwerkzeuge	3	KRAFTWERK Profi-Rollmeter 5m x 27mm	130-146	Robustes Profi-Rollmeter mit magnetischem Endhaken, 5 m.
6138	Übergreifend	01 Messen & Anzeichnen	Messwerkzeuge	2	KRAFTWERK Digital-Schieblehre 150mm/0-6"	130-126	Digitale Präzisionsmessung 0-150 mm mit 0,01 mm Ablesung.
7396	Übergreifend	01 Messen & Anzeichnen	Schlagschnurgeräte	2	Lyra Cosmos Line Alu fast rewind Schlagschnurgerät	040-986	Robustes Schlagschnurgerät mit Fast-Rewind, 30 m Schnur.
7397	Übergreifend	01 Messen & Anzeichnen	Schlagschnurpulver	4	Lyra Schlagschnurpulver 200g rot	040-988	Hochpigmentiertes Schlagschnurpulver, 200 g, rot.
7404	Übergreifend	01 Messen & Anzeichnen	Signierkreide	4	LYRA Förster & Signierkreide, ölbasiert, rot/blau/gelb		Wetterfeste Signierkreide für Holz, Stein, Metall und Asphalt.
7394	Übergreifend	01 Messen & Anzeichnen	Tieflochmarker	3	Lyra Ink Profi permanent Tieflochmarker, Farbe ROT	040-932 ROT	Tieflochmarker mit Teleskopspitze für schwer zugängliche Stellen.
7395	Übergreifend	01 Messen & Anzeichnen	Tieflochmarker	3	Lyra Ink Profi permanent Tieflochmarker, Farbe SCHWARZ	040-932 SCHWARZ	Tieflochmarker mit Teleskopspitze für schwer zugängliche Stellen.
7389	Übergreifend	01 Messen & Anzeichnen	Wachsmarker	3	Lyra China Marker Universal Wachsstift		Wachsmarker für glatte Oberflächen, hitzebeständig bis 400 Grad C.
5138	Übergreifend	01 Messen & Anzeichnen	Wasserwaagen	3	Alu Wasserwaage Länge 300 mm-2000 mm		Präzise Alu-Wasserwaage mit SOLA-Focus-Libellen.
2021	Übergreifend	01 Messen & Anzeichnen	Winkel & Anschlagmittel	2	Schlosswinkel		Verzinkter Schlosserwinkel mit Anschlag in vier Grössen.
8375	Übergreifend	01 Messen & Anzeichnen	Winkel & Messwerkzeuge	2	PICARD Zimmermanswinkel 180 mm/300 mm+SET		Zimmermannswinkel mit Bohr- und Sparrenlehre.
7302	Übergreifend	02 Schneiden & Trennen	Akku-Handkreissägen	2	FLEX CS 62 18-EC C Kreissäge	050-548	Akku-Handkreissäge für Trockenbau- und Sanierungsschnitte.
7304	Übergreifend	02 Schneiden & Trennen	Akku-Stichsägen	2	FLEX JSB 18-EC C Stichsäge	050-552	Akku-Stichsäge mit 4-stufigem Pendelhub und Blasfunktion.
7162	Übergreifend	02 Schneiden & Trennen	Akku-Säbelsäge	2	FLEX Säbelsäge RS 29 18.0 EC	050-466	Akku-Säbelsäge mit wendbarem Sägeblatt und Pendelhub.
7322	Übergreifend	02 Schneiden & Trennen	Akku-Winkelschleifer	2	FLEX LBP 125-15 18-EC C Winkelschleifer	050-540	Industrie-Winkelschleifer 18 V mit Anti-Kickback und Schnellbremse.
7311	Übergreifend	02 Schneiden & Trennen	Bodenbelag-Entferner	2	FLEX SM 21-6 Teppichstripper	050-566	Teppichstripper zum Entfernen von Bodenbelägen als Hand- oder Bodengerät.
1389	Übergreifend	02 Schneiden & Trennen	Cuttermesser	2	Universalmesser L 500 P rot		Robustes Cuttermesser mit 18 mm Klinge für hohe Beanspruchung.
2016	Übergreifend	02 Schneiden & Trennen	Cuttermesser	2	Universalmesser A 300 RP weiss		Cuttermesser mit abbrechbaren Klingen, Ersatzklingen separat erhältlich.
6784	Übergreifend	02 Schneiden & Trennen	FLEX Akku-Werkzeuge	2	FLEX Akku Stichsäge JS 18.0-EC C	050-440	Akku-Stichsäge mit werkzeuglosem Blattwechsel und Absaugstutzen.
6785	Übergreifend	02 Schneiden & Trennen	FLEX Akku-Werkzeuge	2	FLEX Akku Säbelsäge RSP DW 18.0-EC C	050-442	Vibrationsarme Akku-Säbelsäge für Holz bis 300 mm und Metall bis 20 mm.
8247	Übergreifend	02 Schneiden & Trennen	Führungsschienen-Zubehör	2	FLEX GR-A CS 62 Adapter für Führungsschiene	050-548 AF	Adapter für Winkelschnitte mit CS 62 auf Führungsschiene.
7329	Übergreifend	02 Schneiden & Trennen	Kapp- und Gehrungssägen	2	FLEX SMS 305 18-EC Kapp- und Gehrungssäge	050-578	Akku-Kapp-Zugsäge mit grosser Schnittkapazität 330 mm.
7641	Übergreifend	02 Schneiden & Trennen	Metallbandsägen	4	FLEX Metallsägeband 1335x13 8/12 zu SBG 4910 Metallbandsäge	050-698	Bi-Metall-Sägeband für schwingungsarmes, wirtschaftliches Sägen.
7640	Übergreifend	02 Schneiden & Trennen	Metallbandsägen	3	FLEX SBG 4910 Metallbandsäge	050-696	Funkenfreie Metallbandsäge für Stahl, Edelstahl und Alu.
7310	Übergreifend	02 Schneiden & Trennen	Metallhandkreissägen	2	FLEX CSM 4060 Metallhandkreissäge	050-564	Metallhandkreissäge für gratfreie Schnitte ohne Kühlmittel.
7349	Übergreifend	02 Schneiden & Trennen	Metallhandkreissägen	2	FLEX CSM 57 18-EC C Metall Handkreissäge 18V	050-606	Akku-Metallhandkreissäge mit 0.5-Sekunden-Motorbremse.
7673	Übergreifend	02 Schneiden & Trennen	Metallsägeblätter	3	FLEX Kreissägeblatt CSM ø185	050-702	Kreissägeblatt für gratfreien Schnitt in Stahl.
7409	Übergreifend	02 Schneiden & Trennen	Mini-Winkelschleifer	2	FLEX LBE 76 12-EC C Winkelschleifer	050-668	Mini-Winkelschleifer 76 mm mit drehbarem Kopf, Rechts-/Linkshänder.
7953	Übergreifend	02 Schneiden & Trennen	Stichsägeblätter	3	FLEX Stichsägeblatt JS 75 SW Pro VE5 Stichsägeblätter	050-758	Stichsägeblatt für saubere Schnitte bis 65 mm in Weichholz.
7763	Übergreifend	02 Schneiden & Trennen	Trenn- & Schleifscheiben Metall	4	NORTON Vulcan INOX Trennscheibe 125x1.0x22.23mm	010-280 1	Industrielle Trennscheibe für Stahl und Edelstahl, chlorfrei.
7031	Übergreifend	02 Schneiden & Trennen	Trennschneider Cut-n-Break	2	Husqvarna K 4000 Cut-n-Break Ø230mm	050-368	Trennschneider für tiefe, wandbündige Schnitte bis 400mm.
7245	Übergreifend	02 Schneiden & Trennen	Winkelschleifer 230V	2	FLEX Winkelschleifer LBE 20-11 EC 125 ECC	050-460	2000-W-Winkelschleifer mit variabler Drehzahl und Bremse, 125 mm.
7407	Übergreifend	03 Bohren & Fräsen	Akku-Bohrschrauber 12V	2	FLEX Akku-Bohrschrauber DD 2G 12.0-LDBC/2.5 Set	050-672	12-V-Akku-Bohrschrauber-Set mit zwei Akkus und Ladegerät.
7298	Übergreifend	03 Bohren & Fräsen	Akku-Bohrschrauber 18V	2	FLEX DD 4G 18-EC C Bohrschrauber	050-498	4-Gang-Akku-Bohrschrauber mit hoher Bohr- und Schraubeffizienz.
7916	Übergreifend	03 Bohren & Fräsen	Akku-Kombibohrhammer	2	FLEX CHE 18-EC/5.0 Set Akku-Kombi-Bohrhammer	050-750	18V-Kombibohrhammer mit vier Funktionen im Komplettset.
7316	Übergreifend	03 Bohren & Fräsen	Akku-Schlagbohrschrauber	2	FLEX PD 2G 18-EC LD C Schlagbohrschrauber	050-528	Kompakter 18-V-Schlagbohrschrauber mit kurzer Kopflänge.
7318	Übergreifend	03 Bohren & Fräsen	Akku-Schlagschrauber	2	FLEX ID 1/4" 18-EC HD C Schlagschrauber	050-532	Akku-Schlagschrauber mit Tap-Modus und drei Drehzahlbereichen.
7323	Übergreifend	03 Bohren & Fräsen	Akku-Schlagschrauber	2	FLEX IW 1/2" 400 18-EC C Schlagschrauber	050-542 400	Akku-Schlagschrauber mit 1/2-Zoll-Vierkantaufnahme, 406 Nm.
7324	Übergreifend	03 Bohren & Fräsen	Akku-Schlagschrauber	2	FLEX IW 1/2" 750 18-EC C Schlagschrauber	050-542 750	Akku-Schlagschrauber für festsitzende Verschraubungen, 750 Nm.
7325	Übergreifend	03 Bohren & Fräsen	Akku-Schlagschrauber	2	FLEX IW 1/2" 1500 18-EC C Schlagschrauber	050-542 1500	Akku-Schlagschrauber mit 1500 Nm für schwerste Verschraubungen.
6602	Übergreifend	03 Bohren & Fräsen	Bit- und Zubehörsets	3	FLEX 41-teiliges Bit-Set DB 41	050-330	Umfassendes 41-teiliges Bit-Set in stapelbarer Aufbewahrungsbox.
6306	Übergreifend	03 Bohren & Fräsen	Bohrhämmer	2	FLEX CHE 5-40 SDS-max Kombi Bohrhammer	050-191	SDS-max-Kombihammer mit 10 J Schlagenergie und Vibrationsdämpfung.
8413	Übergreifend	03 Bohren & Fräsen	Bohrmaschinen-Zubehör	2	FLEX Winkelvorsatz WV 12-EC passend zu PD 2G 12-EC Schlagbohrschrauber	050-530 12V WVS	Winkelvorsatz für schwer zugängliche Bohr- und Schraubarbeiten.
8414	Übergreifend	03 Bohren & Fräsen	Bohrmaschinen-Zubehör	2	FLEX Winkelvorsatz passend zu PD 2G 18-EC C Schlagbohrschrauber	050-530 18V WVS	Winkelvorsatz für schwer zugängliche Bohr- und Schraubarbeiten.
6539	Übergreifend	03 Bohren & Fräsen	FLEX Akku-Werkzeuge	2	FLEX Schlagschrauber Akku  IW 3/4" 18.0-EC C 1680 Nm	050-326	Kraftvoller 3/4-Zoll-Akku-Schlagschrauber mit bis zu 1060 Nm Drehmoment.
6540	Übergreifend	03 Bohren & Fräsen	FLEX Akku-Werkzeuge	2	FLEX CHE 2-26 18.0 EC C Akku Kombi-Bohrhammer	050-328	Akku-Kombihammer zum Bohren und Meisseln in Beton, Mauerwerk, Holz und Metall.
6780	Übergreifend	03 Bohren & Fräsen	FLEX Akku-Werkzeuge	2	FLEX 2 Gang Akku Bohrschrauber DD 2G 18.0-EC HD C TURBO 158Nm	050-434	158-Nm-Akku-Bohrschrauber mit Turbo-Modus und Anti-Kickback-Schutz.
6782	Übergreifend	03 Bohren & Fräsen	FLEX Akku-Werkzeuge	2	FLEX 2 Gang Akku Bohrschrauber DD 2G 18.0-EC LD C	050-432	Kompakter Allround-Bohrschrauber mit kurzer Kopflänge für enge Stellen.
7300	Übergreifend	03 Bohren & Fräsen	Kanten-/Oberfräsen	2	FLEX CER 18-EC C Kanten- und Oberfräse	050-544	Akku-Kanten-/Oberfräse mit werkzeuglosem Umbau.
8252	Übergreifend	03 Bohren & Fräsen	Kernbohrmaschinen	2	Husqvarna DM 210 SP	050-349	Elektrischer Trockenbohrer für Stahlbeton, bis Ø100 mm.
7842	Übergreifend	03 Bohren & Fräsen	Langhals-Winkelbohrmaschinen	3	PROXXON Langhals-Winkelbohrmaschine LWB/E	060-212 E	Netz-Langhalsschleifer für vielseitige Bearbeitung diverser Materialien.
7956	Übergreifend	03 Bohren & Fräsen	Meissel SDS-plus/-max	3	Rennsteig Spitzmeissel Ø14mm für Elektrohämmer SDS plus	041-530	SDS-plus-Spitzmeissel für Meissel- und Abbrucharbeiten.
8256	Übergreifend	03 Bohren & Fräsen	Meissel SDS-plus/-max	3	DUSS Spitzmeissel SMX4 Länge 400mm SDS-max	030-972	SDS-max-Spitzmeissel für DUSS Kombi- und Meisselhämmer.
8257	Übergreifend	03 Bohren & Fräsen	Meissel SDS-plus/-max	3	DUSS Flachmeissel FMX4 25mm Länge 400mm SDS-max	030-974	SDS-max-Flachmeissel für DUSS Meissel- und Kombihämmer.
8294	Übergreifend	03 Bohren & Fräsen	Meissel SDS-plus/-max	3	Rennsteig Spatmeissel 80mm SDS-max 300mm	041-534	SDS-max-Spatmeissel, Breite 80 mm.
6615	Übergreifend	03 Bohren & Fräsen	Oberfräser-Zubehör	3	FLEX Kantenfräser Radien und Fasen Set 5-Teilig für Oberfräser	050-037 5	5-teiliges Hartmetall-Fräserset für Radien und Fasen in Holz.
6616	Übergreifend	03 Bohren & Fräsen	Oberfräser-Zubehör	3	FLEX Kantenfräser Nut und Bündig Set 6-Teilig für Oberfräser	050-037 6	6-teiliges Hartmetall-Fräserset für Nuten und Bündigfräsen in Holz.
6950	Übergreifend	03 Bohren & Fräsen	SDS-max Meisselhammer	2	FLEX Meisselhammer DH 5 SDS-max	050-386	1050-Watt-Meisselhammer für Beton, Mauerwerk und Fliesenentfernung.
6927	Übergreifend	03 Bohren & Fräsen	SDS-plus Bohrhammer	2	FLEX FHE 2-22 SDS-plus Bohrhammer	050-376	Leichter 710-Watt-Bohrhammer für Dübel- und Ankerbefestigungen.
7341	Übergreifend	03 Bohren & Fräsen	SDS-plus-Bohrer	4	FLEX Hammerbohrerset SDS-plus HD4-C D-12	050-600	7-teiliges 4-Schneiden-Bohrerset für Beton und Armierung.
7308	Übergreifend	03 Bohren & Fräsen	SDS-plus-Bohrhämmer	2	FLEX CHE 4-32 R SDS-plus Kombihammer	050-560	900-Watt-Kombihammer mit vier Funktionen und hoher Schlagenergie.
7333	Übergreifend	04 Schleifen, Kanten & Polieren	Akku-Exzenterschleifer	2	FLEX ORE 2-125 18-EC C Exzenterschleifer	050-588	Akku-Exzenterschleifer Ø125 mm mit integrierter Staubabsaugung.
7320	Übergreifend	04 Schleifen, Kanten & Polieren	Akku-Schwingschleifer	2	FLEX OSE 2-80 18-EC C Schwingschleifer	050-536	Akku-Schwingschleifer mit 12-Loch-Absaugsystem.
7418	Übergreifend	04 Schleifen, Kanten & Polieren	Bürstmaschinen	2	FLEX Holzbürstmaschine HBM 1002 SET	050-674	Bürstmaschine mit drei Nylon-Topfbürsten im Koffer-Set.
7339	Übergreifend	04 Schleifen, Kanten & Polieren	Exzenterschleifer 230V	2	FLEX Aktion ORE 5-150 EC Exzenterschleifer	050-596	Exzenterschleifer mit Zyklon-Eigenabsaugung, staubfrei arbeiten.
6656	Übergreifend	04 Schleifen, Kanten & Polieren	FLEX Akku-Werkzeuge	2	FLEX LB 125 18.0-EC C Akku Winkelschleifer ohne Akku	050-321	Akku-Winkelschleifer mit Anti-Kickback und 3-Sekunden-Bremse.
6857	Übergreifend	04 Schleifen, Kanten & Polieren	Fächerschleifer	2	SUHNER  Fächerschleifer FSW Ø40x15mm K60 Dorn 6mm		Flexibler Fächerschleifer für feine Oberflächen an Radien und Kanten.
6790	Übergreifend	04 Schleifen, Kanten & Polieren	Polier-Zubehör	3	FLEX Ersatz Filz Ø125mm mit Fiberrücken	050-446	Ersatz-Filzscheibe 125 mm mit Fiberrücken für Polierarbeiten.
6791	Übergreifend	04 Schleifen, Kanten & Polieren	Polier-Zubehör	2	FLEX Filzteller Ø125mm M14	050-444	M14-Filzteller zum Kratzerentfernen und Hochglanzpolieren von Edelstahl.
8204	Übergreifend	04 Schleifen, Kanten & Polieren	Schleifpapier	4	FLEX Schleifpapier OSE 2-80 EC Schleifpapier Universal		Universal-Schleifpapier in Körnung P40-P320, 25er-Pack.
7447	Übergreifend	04 Schleifen, Kanten & Polieren	Schleifpapier & Schleifvlies	3	FLEX Universal Schleifpapier Ø125mm K60-K120		Universalschleifpapier Ø125 mm für Sanierung und Renovation.
7313	Übergreifend	04 Schleifen, Kanten & Polieren	Schleifpapier Klett	4	FLEX Universal Schleifpapier Ø150mm		Universal-Schleifpapier Ø150 mm für Sanierung und Renovation.
7951	Übergreifend	04 Schleifen, Kanten & Polieren	Schleifpapier-Sets	4	FLEX Schleifmittel Starter-Sets Ø150mm	050-756 150	Starter-Set Schleifpapier Ø150 mm in vier Körnungen.
7952	Übergreifend	04 Schleifen, Kanten & Polieren	Schleifpapier-Sets	4	FLEX Schleifmittel Starter-Sets Ø125mm	050-756 125	Starter-Set Schleifpapier Ø125 mm in vier Körnungen.
8213	Übergreifend	04 Schleifen, Kanten & Polieren	Schleifplatten & Pads	3	FLEX Klett Schleifplatte OSE SP 80x130-M	050-744 SP	Klett-Schleifplatte mit Absauglochung für OSE 2-80-Serie.
6233	Übergreifend	04 Schleifen, Kanten & Polieren	Schleifscheiben Feldmühle	3	FELDMÜHLE ø150x20x32mm		Edelkorund-Schleifscheibe zum Nachschärfen von HSS-Werkzeugen.
7618	Übergreifend	04 Schleifen, Kanten & Polieren	Schutzhauben	2	FLEX Schutzhaube Schleifen	050-436 860	Schutzhaube für FLEX-Schleifmaschinen der L-Serie 125 mm.
7882	Übergreifend	04 Schleifen, Kanten & Polieren	Schwingschleifer	3	FLEX OSE 2-80 EC Set Schwingschleifer	050-744	Vibrationsarmer Einhand-Schwingschleifer mit bürstenlosem Motor.
7352	Übergreifend	04 Schleifen, Kanten & Polieren	Standschleifmaschinen	2	Promac 330D Doppelschleifer 400V/1.8kW	050-614	400-V-Doppelschleifer für Werkstatt-Standeinsatz.
7326	Übergreifend	04 Schleifen, Kanten & Polieren	Topfbürsten	3	FLEX Nylon Topfbürste Ø130mm K46 M14		Nylon-Topfbürste K46 für niedertourige Winkelschleifer.
7419	Übergreifend	04 Schleifen, Kanten & Polieren	Topfbürsten	3	FLEX Zirkular Nylonbürste Ø140mm K60	050-676 60	Zirkular-Nylonbürste K60 zum Entgraten und Reinigen.
7420	Übergreifend	04 Schleifen, Kanten & Polieren	Topfbürsten	3	FLEX Zirkular Nylonbürste Ø140mm K80	050-676 80	Zirkular-Nylonbürste K80 zum Entgraten und Reinigen.
4523	Übergreifend	04 Schleifen, Kanten & Polieren	Werkzeugschärfen	2	Hartmetall-Diamantschleifscheibe Keil ø150 mm	030-522	Diamantschleifscheibe zum Nachschärfen von Hartmetallwerkzeugen.
4608	Übergreifend	04 Schleifen, Kanten & Polieren	Werkzeugschärfen	2	FELDMÜHLE ø175x25x35mm Nr.46 rot	010-090 ROT K46	Schleifscheibe zum Nachschärfen von HSS- und HSSE-Werkzeugen.
4799	Übergreifend	04 Schleifen, Kanten & Polieren	Werkzeugschärfen	2	Hartmetall-Diamantschleifscheibe Plan ø150 mm	030-518	Plane Diamantschleifscheibe zum Nachschärfen von Hartmetall.
4800	Übergreifend	04 Schleifen, Kanten & Polieren	Werkzeugschärfen	2	Hartmetall-Diamantschleifscheibe Pfeil ø150 mm	030-520	Pfeilförmige Diamantschleifscheibe zum Nachschärfen von Hartmetall.
1390	Übergreifend	05 Verlegen, Heben & Transportieren	Ausgleichskeile	3	Schiftunterlagen "Schiftis"		Kunststoff-Ausgleichsplättchen zum Ausrichten unebener Untergründe.
7191	Übergreifend	07 Reinigen, Schützen & Reparieren	AKEMI Schutzimprägnierung	3	AKEMI Anti Graffiti 1L	020-522	Vorbeugender Graffitischutz für Fassaden und Denkmäler.
711	Übergreifend	07 Reinigen, Schützen & Reparieren	AKEMI Spezialreiniger	3	AKEMI Oel + Fettentfernerpaste	020-520	Fett- und Ölentfernerpaste für Natur- und Kunststein, Keramik.
7190	Übergreifend	07 Reinigen, Schützen & Reparieren	AKEMI Spezialreiniger	3	AKEMI Graffiti-Entferner 1L	020-523	Gelartiger Graffiti-Entferner für Stein, Beton und Metall.
3063	Übergreifend	07 Reinigen, Schützen & Reparieren	Abdeckbänder	3	Abdeckbänder Malerband 50mm	100-078	Universelles Abdeckband zum sauberen Abkleben im Innenbereich.
3064	Übergreifend	07 Reinigen, Schützen & Reparieren	Abdeckbänder	3	Abdeckbänder Malerband 30mm	100-086	Universelles Abdeckband zum sauberen Abkleben im Innenbereich.
3066	Übergreifend	07 Reinigen, Schützen & Reparieren	Abdeckbänder	3	TESA Klebeband UV-beständig 30	100-082	UV-beständiges Klebeband für farbfreies Abkleben im Aussenbereich.
3067	Übergreifend	07 Reinigen, Schützen & Reparieren	Abdeckbänder	3	TESA Klebeband UV-beständig 50	100-084	UV-beständiges Klebeband für farbfreies Abkleben im Aussenbereich.
3079	Übergreifend	07 Reinigen, Schützen & Reparieren	Abdeckbänder	3	Betonband gelb, Tesaband Struktur	100-088	Wasserfestes Betonband zum Abdecken und Befestigen auf der Baustelle.
4570	Übergreifend	07 Reinigen, Schützen & Reparieren	Bürsten	2	Messingdrahtbürste Zeintra 3 Reihen	100-192	Schweizer Messingdrahtbürste zur schonenden Reinigung.
2036	Übergreifend	07 Reinigen, Schützen & Reparieren	Drahtbürsten	3	Drahtbürste Zeintra		Schweizer Drahtbürste in fünf Reihenstärken.
1425	Übergreifend	07 Reinigen, Schützen & Reparieren	Handbürsten	2	Metzgerei Handbürste 200x70mm	100-188	Heisswasserbeständige Handbürste für Reinigungsarbeiten.
6946	Übergreifend	07 Reinigen, Schützen & Reparieren	Heissluftgebläse	2	FLEX Heissluft-Föhn HG 650 2000 Watt	050-380	2000-Watt-Heissluftföhn mit LCD-Temperaturanzeige, 50-650°C.
4545	Übergreifend	07 Reinigen, Schützen & Reparieren	Reinigungsmaterial	3	Stahlwolle 250 Gramm 3 Sorten		Universal-Stahlwolle zum Polieren, Schleifen und Reinigen.
977	Übergreifend	07 Reinigen, Schützen & Reparieren	Reinigungstücher	3	Mikrofasertuch von 3m blau	100-198	Mikrofasertuch für streifenfreies Reinigen diverser Oberflächen.
2064	Übergreifend	07 Reinigen, Schützen & Reparieren	Reparaturmaterial	2	Bao Schellack 110 schwarz	021-136	Schellackstift zum Ausbessern von Holz- und Kunststoffschäden.
7943	Übergreifend	07 Reinigen, Schützen & Reparieren	Schmier- & Pflegemittel	3	Innotec Fine Trib Oil 500ml	021-037	PTFE-freies Schmieröl mit Langzeit-Korrosionsschutz.
8045	Übergreifend	07 Reinigen, Schützen & Reparieren	Schmier- & Pflegemittel	3	BRUNOX® LUB & COR® 400ml Schmiermittel und High-Tec-Korrosionsschutz	022-002	Allwetter-Schmiermittel mit Langzeit-Korrosionsschutz.
8222	Übergreifend	08 Staub & Absaugung	Absaughauben-Zubehör	2	FLEX BK-H SE 14-2 150 Bürstenkranz	050-006 EB	Ersatz-Bürstenkranz für die FLEX SE 14-2 150 Supraflex.
8258	Übergreifend	08 Staub & Absaugung	Absaughauben-Zubehör	2	FLEX BK-H LD 125 Bürstenkranz Pack à 3 Stück	050-181 BK	Ersatz-Bürstenkranz für Absaughaube SG-R D125 LD.
5736	Übergreifend	08 Staub & Absaugung	Akku-Baustellensauger	2	FLEX Staubsauger VC 6 L MC 18.0 Volt	050-185	Kompakter Akku-Sauger für den mobilen Einsatz.
7934	Übergreifend	08 Staub & Absaugung	Akku-Sauger	2	FLEX Kompakter VC 9 L MC 18 RC Akku-Sauger	050-752	Kompakter 18V-Akku-Sauger für den mobilen Einsatz.
7151	Übergreifend	08 Staub & Absaugung	Bau-Luftreiniger	2	FLEX Bau-Luftreiniger VAC 800-EC #AKTION#	050-522	Bau-Luftreiniger mit Unterdruckerzeugung für Sanierung/Rückbau.
5209	Übergreifend	08 Staub & Absaugung	Baustellensauger	2	FLEX VCE 44 L AC-Set Sauger, inkl. Reinigungsset	050-186	Baustellensauger mit Automatikfilter und Permanentsteckdose.
6901	Übergreifend	08 Staub & Absaugung	Baustellensauger	2	Husqvarna DE 130 Staubsauger (230V) mit Auto-Pulse-Technologie	050-370	H/HEPA-Baustellensauger mit Auto-Pulse-Technologie und Konnektivität.
6994	Übergreifend	08 Staub & Absaugung	Baustellensauger	2	Husqvarna DE 110 H Staubsauger 230 V	050-366	Kompakter H/HEPA-Baustellensauger mit stabilem Luftstrom.
7155	Übergreifend	08 Staub & Absaugung	Filter Bau-Luftreiniger	4	FLEX Vorfiltermatten G3 passend zu Bau-Luftreiniger VAC 800-EC 10 Stück	050-522 VG3	Vorfiltermatten G3 zum Schutz der Filterkassetten, 10er-Pack.
7156	Übergreifend	08 Staub & Absaugung	Filter Bau-Luftreiniger	4	FLEX Grobfilter G4 passend zu Bau-Luftreiniger VAC 800-EC 1 Stück	050-522 GG4	Grobfilter G4 mit 90% Rückhalterate für den VAC 800-EC.
7157	Übergreifend	08 Staub & Absaugung	Filter Bau-Luftreiniger	4	FLEX Aktivkohlefilter G4 passend zu Bau-Luftreiniger VAC 800-EC	050-522 AG4	Aktivkohlefilter G4 gegen Gerüche und Staub für den VAC 800-EC.
7158	Übergreifend	08 Staub & Absaugung	Filter Bau-Luftreiniger	4	FLEX Feinstaubfilter F7 passend zu Bau-Luftreiniger VAC 800-EC 1 Stück	050-522 FS7	Feinstaubfilter F7 mit 80% Rückhalterate für den VAC 800-EC.
7159	Übergreifend	08 Staub & Absaugung	Filter Bau-Luftreiniger	4	FLEX HEPA 13 Filter passend zu Bau-Luftreiniger VAC 800-EC	050-522 H13	HEPA-13-Filter mit 99.99% Rückhalterate für den VAC 800-EC.
7160	Übergreifend	08 Staub & Absaugung	Filter Bau-Luftreiniger	4	FLEX HEPA 14 Filter passend zu Bau-Luftreiniger VAC 800-EC	050-522 H14	HEPA-14-Filter mit 99.995% Rückhalterate für den VAC 800-EC.
7164	Übergreifend	08 Staub & Absaugung	Filter Bau-Luftreiniger	3	FLEX Schlauch SH 125x5m C passend zu Bau-Luftreiniger VAC 800-EC		Ausziehbarer Luftführungsschlauch für den VAC 800-EC.
6157	Übergreifend	08 Staub & Absaugung	Filtersäcke	4	FLEX Vlies-Filtersäcke FS-F VC2 Hip	050-265	Vlies-Filtersack Klasse L, 5 Stück, bessere Befüllung als Papier.
7338	Übergreifend	08 Staub & Absaugung	Filtersäcke	4	FLEX Vlies-Filtersäcke VC 6 Pack à 5 Stück	050-594	Vlies-Filtersack Klasse L, Packung zu 5 Stück.
7356	Übergreifend	08 Staub & Absaugung	Filtersäcke	4	FLEX Vlies-Filtersäcke VC 21-26 Pack à 5 Stück	050-608	Vlies-Filtersack Klasse L, Packung zu 5 Stück.
7935	Übergreifend	08 Staub & Absaugung	Filtersäcke & Filter	4	FLEX Vlies Filtersäcke VC 9 FS-F	050-753	Vlies-Filtersack Klasse L für den VC 9 Akku-Sauger.
8335	Übergreifend	08 Staub & Absaugung	Filtersäcke & Filter	4	FLEX FE VCE PES L/M/H PES Flachfaltenfilter	050-264 FE	Flachfaltenfilter Klasse H, auch für Nassarbeiten geeignet.
6018	Übergreifend	08 Staub & Absaugung	Filterzubehör Sauger	4	FLEX Vlies-Filtersäcke VCE33/ VCE 44	050-264	Vlies-Filtersäcke der Klasse M für FLEX VCE 33/44, feuchtigkeitsresistent.
7908	Übergreifend	08 Staub & Absaugung	Industriesauger	3	FLEX VCE 22 M MC 2x18 Akku Industriesauger	050-658	Akku-Industriesauger für staubfreies Arbeiten mit dem Giraffe-Schleifer.
6167	Übergreifend	08 Staub & Absaugung	Industriesauger	2	Flex Aktion Pack VCE 33 M AC-Set	050-287	Sicherheitssauger Klasse M im Aktionsset mit Zubehör.
6200	Übergreifend	08 Staub & Absaugung	Industriesauger	2	Flex Aktion Pack VCE 44 L AC-Set	050-289	Sicherheitssauger Klasse L im Aktionsset mit Transportkoffer.
6239	Übergreifend	08 Staub & Absaugung	Industriesauger	2	Flex Aktion Pack VC 21 L MC	050-291	Kompakter Klasse-L-Sauger im Aktionsset mit Zubehör.
7569	Übergreifend	08 Staub & Absaugung	Nass-/Trockensauger	3	FLEX VCE 50 WET Nasssauger	050-690	Leichter Nasssauger mit integrierter Abpumpfunktion.
7281	Übergreifend	08 Staub & Absaugung	Saugerzubehör	3	FLEX Reinigungsset VCE 33/44	050-480	Komplettes Düsen- und Rohrset für VCE-33/44-Sauger.
7263	Übergreifend	08 Staub & Absaugung	Sicherheitssauger	3	FLEX VCE 28 L MC-Sauger, inkl. Reinigungsset	050-183	25-Liter-Sicherheitssauger Klasse L mit komplettem Reinigungsset.
7163	Übergreifend	08 Staub & Absaugung	Türschleusen	3	FLEX Staubschutz Türe zu VAC 800-EC  10 Stück	050-522 STT	Staubschutz-Türschleusen für den VAC 800-EC, 10er-Pack.
5782	Übergreifend	08 Staub & Absaugung	VC 6-Zubehör	2	FLEX Trolley Fahrwerk VC 6	050-187	Fahrwerk für den FLEX-Sauger VC 6, einfach montierbar.
5783	Übergreifend	08 Staub & Absaugung	VC 6-Zubehör	2	FLEX Reinigungsset CLE 32 VC 6	050-189	Reinigungsset für FLEX VC 6 mit Saugschlauch und Kombi-Bodendüse.
7306	Übergreifend	08 Staub & Absaugung	Vorabscheider	2	FLEX VCE-PS 25 Cyclone Vorabschneider 25 L	050-556	Zyklon-Vorabscheider 25 L entlastet den Hauptfilter des Saugers.
7530	Übergreifend	09 Maschinen & Energie (Akku, 230 V, Druckluft, Benzin)	230V Winkelschleifer	3	FLEX L 1606 VR Winkelschleifer 230V	050-686	Leistungsstarker 230-V-Winkelschleifer mit 6-stufiger Drehzahlvorwahl.
8309	Übergreifend	09 Maschinen & Energie (Akku, 230 V, Druckluft, Benzin)	Abbruchhämmer	2	DUSS Abbruchhammer PK160ASET-CH	050-423	Elektrischer Abbruchhammer mit aktiver Vibrationsdämpfung.
4542	Übergreifend	09 Maschinen & Energie (Akku, 230 V, Druckluft, Benzin)	Adapter & Zubehörteile	2	Adapter ø13 / M14 AG	050-168	Adapter von Bohrmaschine auf M14-Werkzeugaufnahme.
7297	Übergreifend	09 Maschinen & Energie (Akku, 230 V, Druckluft, Benzin)	Akku-Baustellenleuchten	2	FLEX WL 2800 Akku Hand Flutlicht Lampe 18V	050-496	Akku-Flutlicht 2800 Lumen mit schwenkbarem Leuchtkopf.
6863	Übergreifend	09 Maschinen & Energie (Akku, 230 V, Druckluft, Benzin)	Akku-Bohrhammer	2	FLEX Kombi-Bohrhammer Akku CHE 18.0-EC C	050-356	Bürstenloser Akku-Kombihammer für Bohren, Hammerbohren und Meisseln.
6917	Übergreifend	09 Maschinen & Energie (Akku, 230 V, Druckluft, Benzin)	Akku-Bohrschrauber	2	FLEX Akku-Bohrschrauber DD 2G 18.0-EC LD/2.5 SET	050-454	Kompletes Akku-Bohrschrauber-Set inkl. 2 Akkus und Ladegerät.
6333	Übergreifend	09 Maschinen & Energie (Akku, 230 V, Druckluft, Benzin)	Akku-Schlagbohrschrauber	2	Flex Schlagbohrschrauber PD 2G 18.0 EC HD	050-109	Akku-Schlagbohrschrauber mit 158 Nm und Turbo-Modus.
5821	Übergreifend	09 Maschinen & Energie (Akku, 230 V, Druckluft, Benzin)	Akku-Schlagschrauber	2	FLEX Schlagschrauber Akku  IW 1/2" 950 18.0-EC C	050-105	Akku-Schlagschrauber mit 950 Nm Drehmoment, bürstenlos, 3 Drehzahlstufen.
7938	Übergreifend	09 Maschinen & Energie (Akku, 230 V, Druckluft, Benzin)	Akku-Schraubendreher	2	Flex SD 7-320 4 Akku-Schraubendreher	050-288 7	Schlanker Akku-Schraubendreher mit USB-C-Ladung.
6864	Übergreifend	09 Maschinen & Energie (Akku, 230 V, Druckluft, Benzin)	Akku-System 18V	3	FLEX Akku AP 18.0 Volt / 2.5Ah / 5.0 Ah / 8Ah		FLEX 18V-Akku in drei Kapazitäten für alle FLEX-Akkumaschinen.
6948	Übergreifend	09 Maschinen & Energie (Akku, 230 V, Druckluft, Benzin)	Akku-System 18V	3	FLEX Doppel-Ladegerät CA 2x 12/18V	050-384	Doppel-Schnellladegerät für zwei FLEX-Akkus gleichzeitig.
5965	Übergreifend	09 Maschinen & Energie (Akku, 230 V, Druckluft, Benzin)	Akku-Säbelsäge	2	FLEX  Säbelsäge Akku  RS 25 18.0-EC C	050-039	Akku-Säbelsäge mit grossem Hub und wendbarem Sägeblatt, 18V.
7671	Übergreifend	09 Maschinen & Energie (Akku, 230 V, Druckluft, Benzin)	Akku-Winkelschleifer	3	FLEX Winkelschleifer LBE 20-10  150 EC	050-460 150	Winkelschleifer mit bürstenlosem Motor und mechanischer Bremse.
7688	Übergreifend	09 Maschinen & Energie (Akku, 230 V, Druckluft, Benzin)	Akku-Winkelschleifer	3	FLEX Akku Winkelschleifer LBE 76 12-EC SET	050-694	Kompakter Akku-Winkelschleifer mit drehbarem Kopf für beide Hände.
8223	Übergreifend	09 Maschinen & Energie (Akku, 230 V, Druckluft, Benzin)	Akkus & Ladegeräte	4	FLEX Akku AP 18/8.0 XT Tabless Technologie	050-768 8.0	18V-Akku 8.0 Ah mit Tabless-Technologie für Dauereinsatz.
8224	Übergreifend	09 Maschinen & Energie (Akku, 230 V, Druckluft, Benzin)	Akkus & Ladegeräte	4	FLEX Akku AP 18/4.0 XT Tabless Technologie	050-768 4.0	18V-Akku 4.0 Ah mit Therma-Tech für den Alltagseinsatz.
8225	Übergreifend	09 Maschinen & Energie (Akku, 230 V, Druckluft, Benzin)	Akkus & Ladegeräte	3	FLEX CA2 12/18 Schnellladegerät	050-768 SL	Schnellladegerät für FLEX 12V/18V-Akkus mit LED-Display.
7648	Übergreifend	09 Maschinen & Energie (Akku, 230 V, Druckluft, Benzin)	Akkus & Ladegeräte	3	FLEX Akku AP 12  Volt/ 2.5 Ah / 5Ah		12-V-Li-Ion-Akku mit Electronic Management System.
7264	Übergreifend	09 Maschinen & Energie (Akku, 230 V, Druckluft, Benzin)	Akkus & Ladegeräte 12V	3	FLEX Akku P-Set 12-22 Q	050-474	Starter-Set mit zwei 12-V-Akkus und Schnellladegerät.
4478	Übergreifend	09 Maschinen & Energie (Akku, 230 V, Druckluft, Benzin)	Druckluft-Geradschleifer	3	DL-Geradeschleifer DIEGRINDER	060-172	Kompakter Druckluft-Geradschleifer mit 24000 U/min.
396	Übergreifend	09 Maschinen & Energie (Akku, 230 V, Druckluft, Benzin)	Druckluftwerkzeuge	2	SUHNER Geradescheifer	060-028	Schweizer Druckluft-Geradeschleifer mit 24000 U/min.
6493	Übergreifend	09 Maschinen & Energie (Akku, 230 V, Druckluft, Benzin)	FLEX Akku-System	4	FLEX Akku Pack P-Set 88 R	050-197 8.0	Starter-Set mit Schnellladegerät und zwei 8-Ah-Akkus fürs FLEX-System.
6494	Übergreifend	09 Maschinen & Energie (Akku, 230 V, Druckluft, Benzin)	FLEX Akku-System	4	FLEX Akku Pack P-Set 55 R	050-197 5.0	Starter-Set mit Schnellladegerät und zwei 5-Ah-Akkus fürs FLEX-System.
6694	Übergreifend	09 Maschinen & Energie (Akku, 230 V, Druckluft, Benzin)	FLEX Akku-System	4	FLEX Akku Pack P-Set 22 Q 18 Volt und zwei Akku 2.5Ah 18V	050-197 2.5	Günstiger Einstieg ins FLEX 18V-Akkusystem mit zwei 2,5-Ah-Akkus.
6488	Übergreifend	09 Maschinen & Energie (Akku, 230 V, Druckluft, Benzin)	FLEX Akku-System	3	FLEX Akku Schnell-Ladegerät CA 10.8/18.0	050-242	Schnellladegerät für alle FLEX 10,8- und 18-Volt-Akkupacks.
6418	Übergreifend	09 Maschinen & Energie (Akku, 230 V, Druckluft, Benzin)	Gartengeräte (Akku)	2	FLEX GCS 35 2x18.0-EC Kettensäge	050-324	Akku-Kettensäge mit Rückschlagbremse, 35 cm Schwertlänge.
6416	Übergreifend	09 Maschinen & Energie (Akku, 230 V, Druckluft, Benzin)	Gartengeräte (Akku)	1	FLEX GBL 790 18.0-EC Laubbläser AKTIONSSET	050-322	Akku-Laubbläser mit Boost-Modus, 790 m3/h Volumenstrom.
6417	Übergreifend	09 Maschinen & Energie (Akku, 230 V, Druckluft, Benzin)	Gartengeräte (Akku)	1	FLEX GLT 35 18.0-EC Rasentrimmer	050-323	Akku-Rasentrimmer mit Easy-Load-Fadenkopf, 30 cm Schnittbreite.
6419	Übergreifend	09 Maschinen & Energie (Akku, 230 V, Druckluft, Benzin)	Gartengeräte (Akku)	1	FLEX GHT 55 18.0-EC Heckenschere	050-325	Akku-Heckenschere mit Dual-Action-Laserschliff, 55 cm Schwert.
1446	Übergreifend	09 Maschinen & Energie (Akku, 230 V, Druckluft, Benzin)	Kompressoren	2	GENTILIN C330/50 230 Volt	060-162	Tragbarer ölfreier 50-Liter-Kompressor für den Baustelleneinsatz.
1498	Übergreifend	09 Maschinen & Energie (Akku, 230 V, Druckluft, Benzin)	Kompressoren	2	GENTILIN CSK240/24 230 Volt	060-166	Schallgedämpfter 24-Liter-Kompressor für geräuschempfindliche Umgebungen.
2011	Übergreifend	09 Maschinen & Energie (Akku, 230 V, Druckluft, Benzin)	Kompressoren	2	GENTILIN C330/100 230 Volt	060-164	Mobiler 100-Liter-Kompressor mit ölfreiem Direktantrieb.
7327	Übergreifend	09 Maschinen & Energie (Akku, 230 V, Druckluft, Benzin)	Maschinenzubehör / Handgriffe	2	FLEX SoftVib Seitlicher Handgriff GS-SPV M8	050-574	SoftVib-Handgriff mit Vibrationsdämpfung, Gewinde M8.
7664	Übergreifend	09 Maschinen & Energie (Akku, 230 V, Druckluft, Benzin)	Spanndorne & Aufnahmen	2	Spanndorn 22,2 mm	040-992	Spanndorn zur Nutzung von 115/125-mm-Scheiben auf Bohrmaschinen.
6869	Übergreifend	09 Maschinen & Energie (Akku, 230 V, Druckluft, Benzin)	Werkstatt-Doppelschleifer	2	Promac 324F Doppelschleifer 230V ScheibenØ 200x25x20	050-612	Stationärer 230V-Doppelschleifer mit Splitterschutz für die Werkstatt.
6253	Übergreifend	09 Maschinen & Energie (Akku, 230 V, Druckluft, Benzin)	Winkelschleifer (FLEX)	2	FLEX L 12-11 125 Winkelschleifer	050-294	Universeller 1200-Watt-Winkelschleifer mit Anti-Kickback.
6296	Übergreifend	09 Maschinen & Energie (Akku, 230 V, Druckluft, Benzin)	Winkelschleifer (FLEX)	2	FLEX L 1400 125 Winkelschleifer	050-293	1400-Watt-Winkelschleifer mit werkzeugloser Schutzhaube.
6968	Übergreifend	09 Maschinen & Energie (Akku, 230 V, Druckluft, Benzin)	Winkelschleifer 230V	2	FLEX Winkelschleifer 900 Watt LE 9-11 Ø125mm	050-394	Leichter 900-Watt-Winkelschleifer mit 6-Stufen-Drehzahlregelung.
2407	Übergreifend	10 Arbeitsschutz (PSA)	Arbeitsschürzen	2	Arbeitschürze AGRITEX 95x120	090-028	Reiss- und abriebfeste PSA-Schürze 95x120cm.
2413	Übergreifend	10 Arbeitsschutz (PSA)	Arbeitsschürzen	2	Arbeitsschürze mit Schultertragriemen	090-008	Reissfeste PSA-Schürze mit Schultertragriemen.
2414	Übergreifend	10 Arbeitsschutz (PSA)	Arbeitsschürzen	2	PSA Arbeitschürze ANTICID, braun mit Halsriemen 90x140cm	090-004	Kürzbare PSA-Schürze mit Halsriemen, 90x140cm.
3301	Übergreifend	10 Arbeitsschutz (PSA)	Atemschutz	4	Faltbare Partikelmaske 3M 10 Stück	090-032	Faltbare FFP3-Maske mit Ausatemventil, geringer Atemwiderstand.
3302	Übergreifend	10 Arbeitsschutz (PSA)	Atemschutz	4	MOLDEX Feinstaubmaske M-3205 1 Stück	090-030	FFP3-Feinstaubmaske für Stein- und Metallarbeiten, länger tragbar.
3303	Übergreifend	10 Arbeitsschutz (PSA)	Atemschutz	3	Gasfilter A1 zu Moldex 7000 pro Stück	090-024	Ersatz-Gasfilter A1 für die MOLDEX-7000-Maske.
3304	Übergreifend	10 Arbeitsschutz (PSA)	Atemschutz	3	Partikel-Filter P3 R zu MOLDEX 7000 pro Stück	090-020	Ersatz-Partikelfilter P3R für die MOLDEX-7000-Maske.
4046	Übergreifend	10 Arbeitsschutz (PSA)	Atemschutzmasken	3	Staub-Halbmaske Moldex 7000, ohne Filter		Wiederverwendbare Atemschutz-Halbmaske, Filter frei wählbar.
6837	Übergreifend	10 Arbeitsschutz (PSA)	Einweghandschuhe	4	PSA Nitril Handschuhe schwarz, Box à 100Stk, Grösse M/L/XL		Öl- und fettbeständige Einweg-Nitrilhandschuhe, 100 Stück pro Box.
904	Übergreifend	10 Arbeitsschutz (PSA)	Erste Hilfe	2	Heftpflaster-Dispenser	090-086	Nachfüllbarer Heftpflaster-Dispenser für die Baustelle.
3267	Übergreifend	10 Arbeitsschutz (PSA)	Gehörschutz	4	PSA Gehörschutzstöpsel 3M EAR CLASSIC II	090-088	Einweg-Schaumstoffstöpsel im 250er-Dispenser, -36 dB.
3268	Übergreifend	10 Arbeitsschutz (PSA)	Gehörschutz	4	PSA-Ohrpfropfen 3M EARSOFT NEONS BOX	090-016	Selbstexpandierende Einweg-Ohrpfropfen im 250er-Dispenser.
3271	Übergreifend	10 Arbeitsschutz (PSA)	Gehörschutz	4	Gehörschutzstöpsel 3M 1100	090-090	Weicher Einweg-Gehörschutz mit hohem Dämmwert von 37 dB.
3266	Übergreifend	10 Arbeitsschutz (PSA)	Gehörschutz	3	Gehörschutzstöpsel mit Kordel	090-092	Wiederverwendbare Gehörschutzstöpsel mit Kordel, SNR 29 dB.
3257	Übergreifend	10 Arbeitsschutz (PSA)	Gehörschutz	2	Kapselgehörschutz VS 120	090-002	Kapselgehörschutz mit Memory-Foam-Polsterung für Dauereinsatz.
654	Übergreifend	10 Arbeitsschutz (PSA)	Hautschutz	3	AKEMI afin® Der flüssige Handschuh	020-640	Siliconfreie Schutzcreme, die die Haut vor Öl, Fett und Schmutz schützt.
5687	Übergreifend	10 Arbeitsschutz (PSA)	Knieschutz	3	PROBST KNEESEAT Kniehocker KS	081-193	Ergonomischer Kniehocker nach DIN EN 14404.
2421	Übergreifend	10 Arbeitsschutz (PSA)	PSA-Zubehör	2	Schutzärmel PVC grün Paar	090-014	Schutzärmel gegen Wasserspritzer und Feuchtigkeit.
131	Übergreifend	10 Arbeitsschutz (PSA)	Rückenschutz	3	Rückenstützgürtel Gr. M-XL		Stützt den Rücken beim Heben und Tragen.
7224	Übergreifend	10 Arbeitsschutz (PSA)	Schleifhelme	3	PSA Optrel clearmaxx schwarz Schleifhelm	090-027 CMS	Extra leichter Schleifhelm mit klarer Sicht, 330g Eigengewicht.
1871	Übergreifend	10 Arbeitsschutz (PSA)	Schutzbrillen	3	Schutzbrille VISTA mit Glasgläser	090-010	Robuste Universal-Schutzbrille mit splitterfreien Glasgläsern.
1872	Übergreifend	10 Arbeitsschutz (PSA)	Schutzbrillen	3	Schutzbrille für Brillenträger	090-038	Ueberbrille für Brillenträger mit integriertem Seitenschutz.
1873	Übergreifend	10 Arbeitsschutz (PSA)	Schutzbrillen	3	Schutzbrille ZHI CSV blau	090-034	Ergonomische Schutzbrille mit weichen Nasenpads, blau.
3869	Übergreifend	10 Arbeitsschutz (PSA)	Schutzbrillen	2	Schutzbrille ZHI S UV400	090-036	Schutzbrille mit UV400-Filter und optischer Klasse 1.
3393	Übergreifend	10 Arbeitsschutz (PSA)	Schutzbrillen & Ersatzteile	1	Ersatzgläser Paar zu VISTA	090-012	Original-Ersatzgläser für die Schutzbrille VISTA.
5635	Übergreifend	10 Arbeitsschutz (PSA)	Schutzhandschuhe	4	PSA Schutzhandschuhe SHOWA 380		Ölabweisender Arbeitshandschuh mit hoher Griffsicherheit.
3986	Übergreifend	10 Arbeitsschutz (PSA)	Schutzhandschuhe	3	Schutzhandschuhe SHOWA 310		Schutzhandschuh mit Naturlatex-Teilbeschichtung, griffsicher.
3987	Übergreifend	10 Arbeitsschutz (PSA)	Schutzhandschuhe	3	Nylon-Handschuhe SHOWA 265R		Nitrilbeschichteter Handschuh mit hoher Fingerfertigkeit und Griffsicherheit.
4216	Übergreifend	10 Arbeitsschutz (PSA)	Schutzhandschuhe	3	Schutzhandschuhe SHOWA 660		PVC-vollbeschichteter Schutzhandschuh, 30 cm lang.
4217	Übergreifend	10 Arbeitsschutz (PSA)	Schutzhandschuhe	3	Schutzhandschuhe SHOWA 330		Griff- und stichfester Schutzhandschuh, anatomisch geformt.
6625	Übergreifend	10 Arbeitsschutz (PSA)	Swiss Air Gebläseatemschutz	4	PSA OPTREL SWISS AIR Nasenschaum für Halbmaske	090-027 NS	Ersatz-Nasenschaum für die swiss air Halbmaske, 5er-Set.
6681	Übergreifend	10 Arbeitsschutz (PSA)	Swiss Air Gebläseatemschutz	4	PSA OPTREL SWISS AIR ABE1P Kombifilter Partikel und Gas 1Stk	090-027 KF	Kombi-Gasfilter für den Einsatz von swiss air in toxischen Umgebungen.
6682	Übergreifend	10 Arbeitsschutz (PSA)	Swiss Air Gebläseatemschutz	4	PSA OPTREL SWISS AIR Kombifilter Vorfilter Set 50Stk	090-027 KF50	50er-Pack Vorfilter zum Schutz des swiss air Kombifilters.
6588	Übergreifend	10 Arbeitsschutz (PSA)	Swiss Air Gebläseatemschutz	3	PSA Atemschutzsystem OPTREL SWISS AIR BASIC	090-027	Leichtes TH3-Gebläseatemschutzsystem für ermüdungsarmes Arbeiten.
6624	Übergreifend	10 Arbeitsschutz (PSA)	Swiss Air Gebläseatemschutz	3	PSA OPTREL SWISS AIR Halbmaske schwarz	090-027 HM	Belüftete Halbmaske für das swiss air Gebläseatemschutzsystem.
6629	Übergreifend	10 Arbeitsschutz (PSA)	Swiss Air Gebläseatemschutz	3	PSA OPTREL SWISS AIR Dichtring 1Set	090-027 DR	Ersatz-Dichtring für den Luftschlauch des swiss air Systems.
6632	Übergreifend	10 Arbeitsschutz (PSA)	Swiss Air Gebläseatemschutz	3	PSA Atemschutzsystem OPTREL SWISS AIR Upgradekit Kombifilter	090-027 UK	Upgradekit erweitert swiss air auf Kombifilter-Betrieb mit Gasschutz.
6633	Übergreifend	10 Arbeitsschutz (PSA)	Swiss Air Gebläseatemschutz	3	PSA OPTREL SWISS AIR Halbmaske Silikon weiss mit Fenster		Enganliegende Silikonmaske TM3 mit Schutzfaktor 2000, auch ohne Gebläse sicher.
6683	Übergreifend	10 Arbeitsschutz (PSA)	Swiss Air Gebläseatemschutz	3	PSA OPTREL SWISS AIR Funkenschutz Kombifilter 1 Set	090-027 FSK	Funkenschutz für den swiss air Kombifilter, im 2er-Set.
6631	Übergreifend	10 Arbeitsschutz (PSA)	Swiss Air Gebläseatemschutz	2	PSA OPTREL SWISS AIR Schlauchschutz 1Stk	090-027 SS	Stoffschutz für den Luftschlauch des swiss air Systems gegen Funken.
6069	Übergreifend	11 Baustellen- & Werkstattbedarf	Arbeitsleuchten	3	FLEXDOT 600 Wiederaufladbare LED Arbeitsleuchte	130-104	Wiederaufladbare LED-Arbeitsleuchte mit Magnet und Haken, 600 Lumen.
6732	Übergreifend	11 Baustellen- & Werkstattbedarf	Baustellenbedarf Strom & Licht	2	FLEX Akku Baustellenradio 10.8/18.0/230	050-430	IP64-Baustellenradio mit Bluetooth, DAB+ und FLEX-Akkubetrieb.
6781	Übergreifend	11 Baustellen- & Werkstattbedarf	Baustellenbedarf Strom & Licht	2	FLEX Akku Ventilator 18.0/230 V	050-436	Akku- oder netzbetriebener Ventilator mit schwenkbarem Kopf für die Baustelle.
6783	Übergreifend	11 Baustellen- & Werkstattbedarf	Baustellenbedarf Strom & Licht	2	FLEX Akku-Baustrahler mit Stativ TL 4000 18.0/230V	050-438	4000-Lumen-Akku-Baustrahler mit Stativ und flexibler Lichtausrichtung.
6257	Übergreifend	11 Baustellen- & Werkstattbedarf	Baustrahler (Akku)	2	FLEX LED Akku Baustrahler CL 5000 10.8/18.0	050-295	Akku-Baustrahler bis 5000 Lumen mit USB-C-Ausgang.
6277	Übergreifend	11 Baustellen- & Werkstattbedarf	Baustrahler (Akku)	2	FLEX LED Akku Baustrahler CL 10000 10.8/18.0	050-296	Grosser Akku-Baustrahler mit hoher Lichtleistung.
6144	Übergreifend	11 Baustellen- & Werkstattbedarf	Bit-Zubehör	2	KRAFTWERK 1/4" Bit-Schnellwechsel-Magnethalter 150mm	130-136 150	Magnethalter für schnellen Bitwechsel, 1/4 Zoll.
6145	Übergreifend	11 Baustellen- & Werkstattbedarf	Bit-Zubehör	2	KRAFTWERK 1/4" Bit-Schnellwechsel-Magnethalter 300mm	130-136 300	Langer Magnethalter für schwer zugängliche Stellen, 300 mm.
7437	Übergreifend	11 Baustellen- & Werkstattbedarf	Bits & Schrauberzubehör	2	FLEX Bit Schraubmagazinvorsatz	050-604 BIT	PH2-Bits für den FLEX-Schraubmagazinvorsatz.
7438	Übergreifend	11 Baustellen- & Werkstattbedarf	Bits & Schrauberzubehör	2	FLEX Bithalter DW 45 für DW 45 18.0-EC Trockenbauschrauber	050-604 BH DW 45	Magnetischer Bithalter für den FLEX DW 45 18.0-EC.
7495	Übergreifend	11 Baustellen- & Werkstattbedarf	Bits & Schrauberzubehör	2	FLEX DB Bulk T20 Bit Set 25mm (25 tlg)	050-630	25-teiliges T20-Bit-Set in verschliessbarer Box.
959	Übergreifend	11 Baustellen- & Werkstattbedarf	Druckluft-Zubehör	2	Alu-Ausblaspistole R1/4"	100-168	Leichte Alu-Ausblaspistole für Druckluftanschluss R1/4.
5249	Übergreifend	11 Baustellen- & Werkstattbedarf	Druckluft-Zubehör	2	Blaspistole aus Alu standard	060-144	Robuste Alu-Blaspistole mit Lärmschutzdüse.
6866	Übergreifend	11 Baustellen- & Werkstattbedarf	Druckluft-Zubehör	2	Blaspistole CEJN 208 Standard 1/4" Blau	060-186	Robuste Standard-Blaspistole für Druckluft, Anschluss 1/4 Zoll.
906	Übergreifend	11 Baustellen- & Werkstattbedarf	Entsorgung & Säcke	3	Kehrichtsäcke Quick-Bag OKS	100-090	Kehrichtsäcke mit Zugband, 35 Liter, im Rollen-Set.
5560	Übergreifend	11 Baustellen- & Werkstattbedarf	Fäustel & Hämmer	2	PICARD Fäustel SecuTec 1000g/1250g/1500g		Sicherer Fäustel mit patentierter Keilschraube gegen Kopfverlust.
3389	Übergreifend	11 Baustellen- & Werkstattbedarf	Handreinigung	4	AKEMI afin® Handwaschpaste	020-642	Rückfettende Handwaschpaste ohne scharfkantige Reibkörper.
6140	Übergreifend	11 Baustellen- & Werkstattbedarf	Handwerkzeug	2	KRAFTWERK Rollgabelschlüssel 15" 375mm	130-122	Verstellbarer Rollgabelschlüssel bis 45 mm Schraubenweite.
6149	Übergreifend	11 Baustellen- & Werkstattbedarf	Handwerkzeug	2	KRAFTWERK Hightech Kombizange 180mm	130-140 180	Kombizange mit induktiv gehärteter Schneide und Greifzone.
6150	Übergreifend	11 Baustellen- & Werkstattbedarf	Handwerkzeug	2	KRAFTWERK Hightech Seitenschneider 160mm	130-142 160	Präzisionsseitenschneider für Kabel, Kupfer- und Hartdraht.
6151	Übergreifend	11 Baustellen- & Werkstattbedarf	Handwerkzeug	2	KRAFTWERK Hightech Hebel-Kraftseitenschneider 200mm	130-144 200	Kraftvoller Hebel-Seitenschneider für harte Drähte und Stahlgewebe.
6143	Übergreifend	11 Baustellen- & Werkstattbedarf	Handwerkzeug	1	KRAFTWERK 6-tlg. Splintentreibersatz 2-8 mm	130-134	6-teiliges Splintentreiber-Set nach DIN 6450 Form C.
6135	Übergreifend	11 Baustellen- & Werkstattbedarf	Handwerkzeuge	2	KRAFTWERK Schlosserhammer	130-118	Schlosserhammer mit Fiberglasstiel und rutschfestem Gummigriff.
8072	Übergreifend	11 Baustellen- & Werkstattbedarf	Hämmer & Fäustel	2	Fäustel Fiberglas Ruthe Kopfgewicht: 800g-2000 g		Fiberglas-Fäustel, DIN-6475-geprüft, 800-2000 g.
8301	Übergreifend	11 Baustellen- & Werkstattbedarf	Hämmer & Fäustel	1	PICARD Latthammer mit Ledergriff leicht 790 1/2	041-544	Latthammer mit Ledergriff und magnetischem Nagelhalter.
8359	Übergreifend	11 Baustellen- & Werkstattbedarf	Hämmer & Fäustel	1	PICARD Ganzstahl-Latthammer 950gr glatt + geraut		Ganzstahl-Latthammer mit Ledergriff und Nagelhalter.
8372	Übergreifend	11 Baustellen- & Werkstattbedarf	Hämmer & Fäustel	1	PICARD Latthammer 600gr Pink Edition: glatt/geraut		Latthammer Pink Edition mit magnetischem Nagelhalter.
8415	Übergreifend	11 Baustellen- & Werkstattbedarf	Koffer & Transportsysteme	1	FLEX Multi-Koffer TK-S L230/LD180/LD150	050-770	Transportkoffer für Winkelschleifer bis Ø230.
4098	Übergreifend	11 Baustellen- & Werkstattbedarf	Lötlampen/Brenner	3	Lötlampe SOUDOGAZ		Multifunktionslötlampe mit Piezozündung und Messingbrenner.
7330	Übergreifend	11 Baustellen- & Werkstattbedarf	Maschinenzubehör / Untergestelle	2	FLEX WB 110-260 Universal Untergestell	050-580	Ausziehbares Untergestell für Kapp-Zugsägen bis 2600 mm.
2043	Übergreifend	11 Baustellen- & Werkstattbedarf	Pflegesprays & Schmiermittel	3	Multi-Spray WD 40 400ml	021-030	Multifunktionsspray gegen Rost, Quietschen und Feuchtigkeit.
6527	Übergreifend	11 Baustellen- & Werkstattbedarf	Reinigungspapier & Lappen	4	Putztuch XXL Rollen 1Stk Blau 1000 Stk Papier 3-lagig	100-232	3-lagige XXL-Putztuchrolle mit 360 Metern Reinigungspapier.
6851	Übergreifend	11 Baustellen- & Werkstattbedarf	Reinigungspapier & Lappen	4	Putzlappen Trikotstoff 5kg bunt	100-230 B	Metallfreie Baumwoll-Putzlappen für den vielseitigen Werkstatteinsatz.
6852	Übergreifend	11 Baustellen- & Werkstattbedarf	Reinigungspapier & Lappen	4	Putzlappen Trikotstoff 5kg weiss	100-230 W	Metallfreie weisse Baumwoll-Putzlappen für den vielseitigen Werkstatteinsatz.
7436	Übergreifend	11 Baustellen- & Werkstattbedarf	Rührwerke & Rührkörbe	3	Flex Rührkorb WR2 ø160  L=600mm	050-285	Selbstziehender Rührkorb für zähe Baustoffe von 20 bis 40 kg.
7898	Übergreifend	11 Baustellen- & Werkstattbedarf	Rührwerke & Rührkörbe	3	FLEX MXE 1202 + WR2 140 Rührwerk	050-688 1202	2-Gang-Rührwerk mit 3-Stufen-Schalter, inklusive WR2-140-Rührkorb.
7899	Übergreifend	11 Baustellen- & Werkstattbedarf	Rührwerke & Rührkörbe	3	FLEX MXE 1602 + WR2 160 Rührwerk	050-688 1602	2-Gang-Rührwerk mit 3-Stufen-Schalter, inklusive WR2-160-Rührkorb.
7638	Übergreifend	11 Baustellen- & Werkstattbedarf	Rührwerke & Rührkörbe	2	FLEX Rondenrührer SP2 85x400 SW8, Rührgut 0-10kg	050-682	Rondenrührer verhindert Spritzer bei flüssigem Mischgut.
8360	Übergreifend	11 Baustellen- & Werkstattbedarf	Schonhämmer	4	SIMPLEX Schonhammer Ø30/40/50/60/80 mm mit Tempergussgehäuse		Meistverkaufter Schonhammer, fünf Grössen Ø30-80 mm.
8378	Übergreifend	11 Baustellen- & Werkstattbedarf	Schonhämmer	4	HALDER SIMPLEX-Plusbox Starterkit Ø60mm	041-578	Schonhammer-Starterkit mit vier Einsätzen und Flaschenöffner.
8336	Übergreifend	11 Baustellen- & Werkstattbedarf	Schonhämmer	3	HALDER SIMPLEX-Schonhammer Ø60mm+80 mm		Schonhammer-Topseller Ø60/80 mm mit Standfuss-Einsatz.
8288	Übergreifend	11 Baustellen- & Werkstattbedarf	Schonhämmer	2	HALDER SUPERCRAFT-Schonhammer Ø60mm und Ø70mm		Rückschlagarmer Schonhammer mit stahlschrotgefülltem Kopf.
8373	Übergreifend	11 Baustellen- & Werkstattbedarf	Schonhämmer	2	HALDER SUPERCRAFT-Schonhammer Ø40/50/60 mm		Rückschlagarmer Schonhammer mit 3-Komponentenstiel.
8376	Übergreifend	11 Baustellen- & Werkstattbedarf	Schonhämmer	2	SIM­PLEX-Schon­häm­mer Ø 30/40/50/60mm TPE-soft		Schonhammer TPE-soft/Gummikomposition, vier Grössen.
7089	Übergreifend	11 Baustellen- & Werkstattbedarf	Schraubzwingen	2	Schraubzwinge TG20-2K Bessey 200x100mm		Temperguss-Schraubzwinge, Spannkraft bis 6000N, korrosionsgeschützt.
2025	Übergreifend	11 Baustellen- & Werkstattbedarf	Spachtel & Kellen	2	Malerspachtel		Gehärteter Stahlspachtel mit Holzheft in drei Breiten.
6109	Übergreifend	11 Baustellen- & Werkstattbedarf	Transport- & Aufbewahrungssysteme	2	Flex Aktion Stack Pack TK-L SP Set-1	050-286	Modulares Transport- und Aufbewahrungssystem mit Trolley und Boxen.
6331	Übergreifend	11 Baustellen- & Werkstattbedarf	Transportboxen	2	Flex Stack Pack Medium TK-L SP  MB	050-286 MED	Robuste Transportbox mit Schnellverbindung und IP65-Schutz.
6977	Übergreifend	11 Baustellen- & Werkstattbedarf	Transportsystem Stack Pack	2	Flex Stack Pack TK-L SP RB 110 kg Ladekapazität	050-286 LAR	Basis-Trolley des STACK-PACK-Transportsystems, IP65, 180L Volumen.
7208	Übergreifend	11 Baustellen- & Werkstattbedarf	Transportsystem Stack Pack	2	Flex Stack Pack Schubladen Box TK-L SP 3DB	050-396 SP BO	Organizer-Box des STACK-PACK-Systems für Kleinteile, IP65.
7209	Übergreifend	11 Baustellen- & Werkstattbedarf	Transportsystem Stack Pack	2	Flex Stack Pack Schubladen Box TK-L SP 3DB	050-396 SP 3DP	Schubladenbox des STACK-PACK-Systems mit 3 selbstverriegelnden Fächern.
7334	Übergreifend	11 Baustellen- & Werkstattbedarf	Transportsysteme / Koffer	2	Flex Aktion Stack Pack TK-L SP Set-2	050-582	Modulares Rollwagen-Transportsystem für Werkzeug und Zubehör.
5980	Übergreifend	11 Baustellen- & Werkstattbedarf	Werkzeugkoffer-Sets	2	Profi Alu Werkzeugkoffer KRAFTWERK PB HT	130-100	263-teiliger Profi-Werkzeugkoffer mit PB-Baumann-Schraubenzieher-Upgrade.
3461	Übergreifend	13 Lackieren & Beschichten	Pinsel & Auftragswerkzeug	3	Heizkörperpinsel 30mm	100-136	Abgewinkelter Pinsel für Heizkörper und schwer zugängliche Stellen.
