6131	Autogewerbe	02 Schneiden & Trennen	Blechscheren	2	KRAFTWERK Figuren-Blechschere links M3	130-110	Figuren- und Durchlaufschere links für präzise Blecharbeiten.
6132	Autogewerbe	02 Schneiden & Trennen	Blechscheren	2	KRAFTWERK Figuren-Blechschere rechts M1	130-112	Figuren- und Durchlaufschere rechts für präzise Blecharbeiten.
6133	Autogewerbe	02 Schneiden & Trennen	Blechscheren	2	KRAFTWERK Figuren-Blechschere gerade M2	130-114	Figuren- und Durchlaufschere gerade für präzise Blecharbeiten.
6836	Autogewerbe	04 Schleifen, Kanten & Polieren	Lack-Polierer	2	FLEX Polierer XFE 15 150 18.0-EC	050-354	Akku-Exzenterpolierer für hologrammfreies Finish auf temperaturempfindlichen Lacken.
7301	Autogewerbe	04 Schleifen, Kanten & Polieren	Polierer / Exzenterpolierer	2	FLEX PXE 80 12-EC C Polierer	050-546	Polierer mit rotativem und exzentrischem Antrieb, 3/12 mm Hub.
7685	Autogewerbe	04 Schleifen, Kanten & Polieren	Poliermaschinen	3	FLEX PXE 80 12-EC/2.5 Set Polierer	050-547	Kombi-Polierer für rotative und exzentrische Arbeiten in einem Gerät.
7887	Autogewerbe	04 Schleifen, Kanten & Polieren	Poliermaschinen	3	FLEX PE 150 18-EC C Akku Polierer	050-656	Akku-Polierer mit konstanter Leistung wie ein Kabelgerät.
7337	Autogewerbe	04 Schleifen, Kanten & Polieren	Polierzubehör (Spotrepair)	3	FLEX Flexible Welle FS 140 Set	050-592	Flexible Welle für Spotrepair an Ecken und engen Stellen.
7570	Autogewerbe	04 Schleifen, Kanten & Polieren	Politur & Polierpads	4	FLEX Mikrofaser-Polierpad ø160 für Auto-Lack grob	050-434-434	Mikrofaser-Polierpad für hohen Materialabtrag ohne Interface.
7573	Autogewerbe	04 Schleifen, Kanten & Polieren	Politur & Polierpads	4	FLEX PC-M 250 Politur	050-532-415	Politur gegen tiefe Kratzer, geeignet für alle Lackarten.
7574	Autogewerbe	04 Schleifen, Kanten & Polieren	Politur & Polierpads	4	FLEX Polierfell Premium ø160	050-376-523	Naturwoll-Polierfell für 30% schnellere Politurergebnisse.
7575	Autogewerbe	04 Schleifen, Kanten & Polieren	Politur & Polierpads	4	FLEX Polierschwamm Ø150/160mm PP-M 150	050-532-402	Violetter Polierschwamm für Farbauffrischung in einem Schritt.
3284	Autogewerbe	04 Schleifen, Kanten & Polieren	Polituren	3	AKEMI 1S Super Fine Polish 1KG	021-100	Feinschleifende Politur gegen Kratzer und Hologramme.
6954	Autogewerbe	07 Reinigen, Schützen & Reparieren	Akku-Gebläse	2	FLEX BW 18.0 EC Gebläse	050-388	Akku-Gebläse zur Fahrzeugtrocknung, auch als Laubbläser nutzbar.
6346	Autogewerbe	07 Reinigen, Schützen & Reparieren	Autopflege-Reiniger	3	Innotec Schaum Glas Reiniger Plus 500ml	021-035	NSF-registrierter Schaumglasreiniger, schlierenfrei.
7262	Autogewerbe	07 Reinigen, Schützen & Reparieren	Fahrzeugtrocknung / Detailing	2	FLEX BW 18-EC / Detailing Set zur Fahrzeugtrocknung 18V	050-470	Akku-Gebläse-Set für rückstandsfreie Fahrzeugtrocknung.
6914	Autogewerbe	07 Reinigen, Schützen & Reparieren	Karosserie-Spachtel	3	AKEMI Poly-Faser Spachtel 1000g	021-160	Glasfaser-Spachtel für durchgerostete Karosserieteile, ohne Gewebe.
6915	Autogewerbe	07 Reinigen, Schützen & Reparieren	Karosserie-Spachtel	3	AKEMI Kunststoff - Spachtel 1000g	021-166	Cremiger Spachtel für Kunststoffteile, leicht schleifbar.
3318	Autogewerbe	07 Reinigen, Schützen & Reparieren	Kleb- und Dichtstoffe	3	AKEMI PR Speed 1Min 50ml Kart.	021-092	Schnellhärtender 2K-PU-Klebstoff, aushärtet in 1 Minute.
3330	Autogewerbe	07 Reinigen, Schützen & Reparieren	Kleb- und Dichtstoffe	3	AKEMI Super Glue Activator	021-052	Beschleuniger für schnelle Fixierung von Sekundenklebstoff.
3256	Autogewerbe	07 Reinigen, Schützen & Reparieren	Kunststoffreparatur	3	AKEMI Kleber für Kunsstoffteile	021-090	2K-Epoxidkleber speziell für Kunststoffteile am Fahrzeug.
3337	Autogewerbe	07 Reinigen, Schützen & Reparieren	Reiniger & Entfetter	3	AKEMI® ACRYCLEAN	021-064	Hochreiner Siliconentferner vor Kleben und Lackieren.
3338	Autogewerbe	07 Reinigen, Schützen & Reparieren	Reiniger & Entfetter	3	AKEMI afin® ACRYCLEAN Spray	021-066	Sprühbarer Siliconentferner vor Kleben und Lackieren.
3339	Autogewerbe	07 Reinigen, Schützen & Reparieren	Reiniger & Entfetter	3	AKEMI afin® Brake Parts Cleaner	021-068	360°-Bremsenreiniger, schont Gummi- und Kunststoffteile.
3345	Autogewerbe	07 Reinigen, Schützen & Reparieren	Reiniger & Entfetter	3	AKEMI Paint And Carbon Strippe	021-104	Haftender Abbeizer entfernt Kohlenstoff, Kleb- und Dichtstoffe.
7571	Autogewerbe	07 Reinigen, Schützen & Reparieren	Reinigungsbürsten	3	FLEX Brush-Set Tellerbürste für Auto-Lack grob	050-530-875	Bürsten-Set für schonende Reinigung von Textil- und Kunststoff.
7577	Autogewerbe	07 Reinigen, Schützen & Reparieren	Rostlöser & Pflegesprays	4	BRUNOX(R) TURBO-SPRAY(R) 500ml POWER-CLICK	022-000	Silikonfreier Rostlöser mit Kriechöl- und Korrosionsschutzwirkung.
5975	Autogewerbe	07 Reinigen, Schützen & Reparieren	Schmier- und Pflegemittel	3	AKEMI Spray Silicone Grease	021-097	Silikon-Schmierspray zum Schutz von Elektrik und Gummidichtungen.
3312	Autogewerbe	07 Reinigen, Schützen & Reparieren	Spachtelmassen	4	AKEMI Easy Filler Green 1,6 KG	021-080	Leichter Multifunktionsspachtel mit 20% mehr Abtragsvolumen.
4540	Autogewerbe	07 Reinigen, Schützen & Reparieren	Spachtelmassen	3	AKEMI Feinspachtel hochweiss		Feiner Ausbesserspachtel für porenfreie Karosserieoberflächen.
4708	Autogewerbe	07 Reinigen, Schützen & Reparieren	Spachtelmassen	3	AKEMI Füll Ziehspachtel.Nr.4 250-2000 Gramm		Basisspachtel für grobe Unebenheiten und Beulen, styrolfrei.
3367	Autogewerbe	07 Reinigen, Schützen & Reparieren	Wartung & Schmierstoffe	3	AKEMI Ceramic Grease Spray	021-096	Metallfreies Hochtemperaturfett gegen Festfressen bis 1200°C.
6107	Autogewerbe	09 Maschinen & Energie (Akku, 230 V, Druckluft, Benzin)	Akku-Rotationspolierer	2	FLEX Akku Rotationspolierer 18V PE 150 18.0-EC/5.0 Set	050-276	Akku-Rotationspoliermaschine mit hohem Drehmoment für Automotive-Lack.
6028	Autogewerbe	09 Maschinen & Energie (Akku, 230 V, Druckluft, Benzin)	Polierer 230V	2	FLEX Polierer PE 14-3  125 variabel	050-266	230V-Polierer für Polierkörper Ø80-160mm, breiter Drehzahlbereich.
8064	Autogewerbe	11 Baustellen- & Werkstattbedarf	Werkzeugsets KFZ	2	FLEX IPS D17-21 1/2" Schlagnuss-Set	050-766	Schlagnuss-Set für Alufelgen mit Kratzschutz.
7988	Autogewerbe	13 Lackieren & Beschichten	Abklebebänder	3	FERROSIL Klebeband 19mm-50mm x0.11mm 50m Maler-Krepp		Malerkrepp für leichte Abdeck- und Markierarbeiten innen.
7989	Autogewerbe	13 Lackieren & Beschichten	Abklebebänder	3	FERROSIL UV-Stucco Klebeband 25mm-50mm 25m UV15 für randscharfe Kanten		UV-Stucco-Band für randscharfe Kanten, 15 Tage aussentauglich.
7040	Autogewerbe	13 Lackieren & Beschichten	Abklebebänder	3	tesa 4342 Hochtemperatur-Präzisionskrepp Premium 50mx38mm	100-085	Präzisionskrepp für scharfe Lackkanten, temperaturbeständig bis 150°C.
3259	Autogewerbe	13 Lackieren & Beschichten	Grundierungen & Füller	4	AKEMI Multitalent 2K-UHS 3,5l	021-082	Hochwertiger Acryl-Füller mit hoher Füllkraft und Korrosionsschutz.
3261	Autogewerbe	13 Lackieren & Beschichten	Grundierungen & Füller	4	AKEMI Hardener f.Multi Talent	021-084	Passender Härter zum Multi Talent 2K-UHS Filler.
3322	Autogewerbe	13 Lackieren & Beschichten	Grundierungen & Füller	3	AKEMI Spray Cold Galvanizer	021-088	Schweissbare Korrosionsschutzgrundierung für Metall.
3371	Autogewerbe	13 Lackieren & Beschichten	Grundierungen & Füller	3	AKEMI 1K Epoxy Primer 400ml	021-086	1K-Epoxy-Haftgrundierung für Spot Repair und Teillackierung.
5534	Autogewerbe	13 Lackieren & Beschichten	Lackpflege & Versiegelung	4	AKEMI Afin Showroom Car Glaze 500ml	021-156	Sprühversiegelung für streifenfreien Hochglanz auf Autolack.
2029	Autogewerbe	13 Lackieren & Beschichten	Pinsel & Lackierzubehör	3	Lackierpinsel		Rosshaar-Lackierpinsel für Lösemittel- und Wasserlacke.
4298	Autogewerbe	13 Lackieren & Beschichten	Sprühlacke	3	AKEMI Rallye-Farbspray schwarz glänzend	021-074	Schnelltrocknender Speziallack mit hoher Deckkraft.
3245	Autogewerbe	13 Lackieren & Beschichten	Unterbodenschutz	3	AKEMI Bitumen-Unterboden-Schutz-Spray 500 ml	021-072	Überlackierbarer Unterboden- und Steinschlagschutz.
3168	GaLa-Bau & Tiefbau	01 Messen & Anzeichnen	Anzeichnen & Markieren	4	PROBST Pflaster Marker PM	081-328	Verschleissfeste Markierkreide für exaktes Pflasterschneiden.
3167	GaLa-Bau & Tiefbau	01 Messen & Anzeichnen	Anzeichnen & Markieren	3	PROBST String Along SA Schnurhalter	081-240	Flexibler Schnurhalter für Einrichtarbeiten mit Richtschnüren.
3166	GaLa-Bau & Tiefbau	01 Messen & Anzeichnen	Anzeichnen & Markieren	2	PROBST Quickdraw QD	081-062	Markierwerkzeug für präzises Anzeichnen vor dem Pflasterschnitt.
4443	GaLa-Bau & Tiefbau	01 Messen & Anzeichnen	Ausrichtwinkel	3	PROBST Aluwinkel AW 120	081-106	Klappbarer Alu-Winkel zum präzisen Ausrichten von Pflastersteinen.
1442	GaLa-Bau & Tiefbau	01 Messen & Anzeichnen	PROBST Markiersysteme	3	PROBST Flexmarker-KIT FMK	081-330	System zur Markierung schwungvoller Kurvenverläufe im Pflasterbau.
3171	GaLa-Bau & Tiefbau	01 Messen & Anzeichnen	PROBST Mess- & Anreisswerkzeuge	2	PROBST Mess- + Anreisslehre MAL	081-182	Überträgt Winkel und Abstand direkt auf den Zuschnitt.
3177	GaLa-Bau & Tiefbau	01 Messen & Anzeichnen	PROBST Mess- & Anreisswerkzeuge	2	PROBST Richtschnurhalter RSH	081-104	Führt die Richtschnur exakt in Höhe und Winkel.
1045	GaLa-Bau & Tiefbau	01 Messen & Anzeichnen	Pflaster-Ausrichtwinkel	2	PROBST Aluwinkel AW 60	081-152	Richtet Pflastersteine exakt im 45°- oder 90°-Winkel aus.
1068	GaLa-Bau & Tiefbau	01 Messen & Anzeichnen	Pflaster-Ausrichtwinkel	2	PROBST Aluwinkel AW 200	081-006	Grosser Ausrichtwinkel für Verbundpflaster, klappbar für Transport.
4318	GaLa-Bau & Tiefbau	01 Messen & Anzeichnen	Schnürhilfen	3	Schnurboy SB		Schnürhilfe für gerade Pflaster- und Maurerlinien.
7331	GaLa-Bau & Tiefbau	02 Schneiden & Trennen	Akku-Astscheren	2	FLEX GPS 35 18-EC Astschere AKTIONSSET	050-584	Akku-Astschere 35 mm mit Sicherheitssensor, im Aktionsset.
7431	GaLa-Bau & Tiefbau	02 Schneiden & Trennen	Akku-Heckenscheren	2	Husqvarna Heckenschere 120iTK4-H mit Akku und Ladegerät	050-680	Akku-Stab-Heckenschere mit 4 m Reichweite und verstellbarem Messerbalken.
6709	GaLa-Bau & Tiefbau	02 Schneiden & Trennen	Akku-Trennschleifer	3	Husqvarna Set 1 / K1 Pace 14"	050-362	Komplettset K1 Pace mit zwei Akkus, Ladegerät und Konnektivität in Holzbox.
6689	GaLa-Bau & Tiefbau	02 Schneiden & Trennen	Akku-Trennschleifer	2	Husqvarna K 540i Akku Trennschleifer	050-342	Akku-Trennschleifer mit X-Halt-Bremse für Mauerwerk und Landschaftsbau.
6490	GaLa-Bau & Tiefbau	02 Schneiden & Trennen	Benzin-Trennschleifer	2	Husqvarna K970 III 16" 400mm Trennschleifer	050-244	Robuster 400-mm-Benzin-Trennschleifer für den täglichen Baustelleneinsatz.
6654	GaLa-Bau & Tiefbau	02 Schneiden & Trennen	Benzin-Trennschleifer	2	Husqvarna TRENNSCHLEIFER K 970 Ring 17" / 430 mm	050-211	Ring-Trennschleifer mit 325 mm Schnitttiefe für Öffnungen und Durchbrüche.
7400	GaLa-Bau & Tiefbau	02 Schneiden & Trennen	Bindezangen (Armierung)	2	KNIPEX Monierzange (Rabitz-oder Flechterzange) 250	130-182 250	Monierzange zum Verdrillen und Schneiden von Bindedraht.
7401	GaLa-Bau & Tiefbau	02 Schneiden & Trennen	Bindezangen (Armierung)	2	KNIPEX Monierzange (Rabitz-oder Flechterzange) 300	130-182 300	Monierzange zum Verdrillen und Schneiden von Bindedraht.
4047	GaLa-Bau & Tiefbau	02 Schneiden & Trennen	Brücken-/Tischfräsen-Trennscheiben	3	Trennscheibe BETCUT EVOGRES		Segmentierte Trennscheibe für Dekton, Lapitec und Ultrakompaktmaterial.
4050	GaLa-Bau & Tiefbau	02 Schneiden & Trennen	Brücken-/Tischfräsen-Trennscheiben	3	GRANIT BETCUT für Tischfräsen		Sandwichkern-Trennscheibe für Vollschnitt in Granit bis 40 mm.
4245	GaLa-Bau & Tiefbau	02 Schneiden & Trennen	Brücken-/Tischfräsen-Trennscheiben	3	FERRIX DTS Granit Speed Ø400-500/60 mm Anthrazit		Schnellschnitt-Trennscheibe für leistungsstarke Brückensägen.
6368	GaLa-Bau & Tiefbau	02 Schneiden & Trennen	Brückenfräsen-Trennscheiben	3	FERRIX DTS JUMBO Ø400 Silent	031-299 400	Jumbo-Trennscheibe für Brückenfräsen, für Granit und Quarzit.
6369	GaLa-Bau & Tiefbau	02 Schneiden & Trennen	Brückenfräsen-Trennscheiben	3	FERRIX DTS JUMBO Ø450 mm Silent Bohrung 60mm	031-299 450	Jumbo-Trennscheibe für Brückenfräsen, für Granit und Quarzit.
3568	GaLa-Bau & Tiefbau	02 Schneiden & Trennen	Diamanttrennscheiben	4	BETCUT Diamanttrennscheibe universal		Gesinterte Turbo-Trennscheibe für Granit und Universalschnitt.
3785	GaLa-Bau & Tiefbau	02 Schneiden & Trennen	Diamanttrennscheiben Husqvarna	4	Husqvarna DS 350 S65+ VARI	032-152	Diamanttrennscheibe für schnelle Schnitte in Standardbaustoffen.
3786	GaLa-Bau & Tiefbau	02 Schneiden & Trennen	Diamanttrennscheiben Husqvarna	4	Husqvarna DS 350 S35 T VARI	032-142	Turbo-Trennscheibe für hochwertige Schnittfugen in hartem Stein.
3787	GaLa-Bau & Tiefbau	02 Schneiden & Trennen	Diamanttrennscheiben Husqvarna	4	VARI-CUT S35 TS HQ Ø300/20mm für Trennjäger	032-144	Turbo-Trennscheibe für Trennjäger mit hochwertigem Schnittfinish.
3988	GaLa-Bau & Tiefbau	02 Schneiden & Trennen	Hartmetallwerkzeuge GaLa-Bau	3	MULLER Spitzeisen		Nachschleifbares Spitzeisen mit hoher Standzeit, 58 HRC.
4262	GaLa-Bau & Tiefbau	02 Schneiden & Trennen	Klemmvorrichtung Schneiden	3	PROBST SAFEFLEX SF	081-096	Fixiert Pflastersteine sicher zum Trennen mit dem Winkelschleifer.
6401	GaLa-Bau & Tiefbau	02 Schneiden & Trennen	Pflaster-Verlegesysteme (PROBST)	2	Probst Radienschnitt Adapter RSA	081-365	Verwandelt Steintrenner in einen Radienschneider für Pflastersteine.
1568	GaLa-Bau & Tiefbau	02 Schneiden & Trennen	REXID Hartmetallwerkzeuge	2	REXID Handritzhammer 35mm	041-122	Hartmetall-Ritzhammer zum Abrichten und Spalten von Hartgestein.
1569	GaLa-Bau & Tiefbau	02 Schneiden & Trennen	REXID Hartmetallwerkzeuge	2	REXID Kipphammer 2-Schneiden 40mm	041-124	Zweischneidiger Hartmetall-Kipphammer zum Abrichten von Hartgestein.
1570	GaLa-Bau & Tiefbau	02 Schneiden & Trennen	REXID Hartmetallwerkzeuge	2	REXID Kipphammer 2-Schneiden 45mm	041-126	Zweischneidiger Hartmetall-Kipphammer zum Abrichten von Hartgestein.
1571	GaLa-Bau & Tiefbau	02 Schneiden & Trennen	REXID Hartmetallwerkzeuge	2	REXID Richthammer 2-schneid.WI	041-130	Widia-Richthammer zum Ausrichten von Natursteinpflaster.
1573	GaLa-Bau & Tiefbau	02 Schneiden & Trennen	REXID Hartmetallwerkzeuge	2	REXID Steinfläche 80mm 2-Schneiden	040-372	Zweiseitiger Widia-Flächenhammer für Sandstein und Kalkstein.
3959	GaLa-Bau & Tiefbau	02 Schneiden & Trennen	Scharriereisen	2	FERROBLACK HM-Scharriereisen KK		Handgefertigtes Scharriereisen mit WIDIA-Einsatz.
1572	GaLa-Bau & Tiefbau	02 Schneiden & Trennen	Spalt- & Ansetzhämmer	2	Ansetzhammer 50mm	041-128	Gefederter Ansetzhammer zum rationellen Spalten harter Natursteine.
7435	GaLa-Bau & Tiefbau	02 Schneiden & Trennen	Steinspalter	3	ALMI Steinknacker EL33D Zero hydraulisch	081-404	Akkubetriebener Steinspalter mit 10 Tonnen Spaltkraft auf Knopfdruck.
8326	GaLa-Bau & Tiefbau	02 Schneiden & Trennen	Steinspalter/-trenner	2	ALMI Steinknacker AL65U Easy	081-408	Steintrenner mit 650 mm Schnittbreite, einhändig einstellbar.
7432	GaLa-Bau & Tiefbau	02 Schneiden & Trennen	Steintrenner / Pflasterspalter	2	ALMI Steinknacker AL15 Easy	081-400	Leichter Steintrenner für Klinker und Verbundsteine.
7433	GaLa-Bau & Tiefbau	02 Schneiden & Trennen	Steintrenner / Pflasterspalter	2	ALMI Steinknacker AL43U  Easy	081-402	Steintrenner für sehr hohe Steine bis 300 mm Schnitthöhe.
7434	GaLa-Bau & Tiefbau	02 Schneiden & Trennen	Steintrenner / Pflasterspalter	2	ALMI Steinknacker AL43SH23 hydraulisch	081-406	Elektro-hydraulischer Steintrenner mit 23 Tonnen Schnittkraft.
4453	GaLa-Bau & Tiefbau	02 Schneiden & Trennen	Trennscheiben Akku/Batterie	4	Husqvarna ELITE-CUT S35S	050-218	Diamanttrennscheibe für Akku-Trennsäge Husqvarna K1 Pace.
1376	GaLa-Bau & Tiefbau	02 Schneiden & Trennen	Trennscheiben Asphalt/Beton	3	Diamant TS C3 Asphalt/FB		Gesinterte Trennscheibe für Asphalt und Frischbeton.
5215	GaLa-Bau & Tiefbau	02 Schneiden & Trennen	Trennscheiben Baustelle/Rettung	3	Husqvarna Vari-Cut FR-3 350 mm	050-220	Multimaterial-Trennscheibe für schnelle Rettungs- und Baustellenschnitte.
4351	GaLa-Bau & Tiefbau	02 Schneiden & Trennen	Trennscheiben Beton	4	TS Beton univ. sdw Ø300/350		Trennscheibe für lärmarmes Schneiden von Beton mit Armierung.
4240	GaLa-Bau & Tiefbau	02 Schneiden & Trennen	Trennscheiben Universal	4	BETCUT Diamanttrennscheibe universal		Universelle Trockentrennscheibe für Granit und Beton.
3896	GaLa-Bau & Tiefbau	02 Schneiden & Trennen	Zahneisen GaLa-Bau	2	FERROBLACK Handzahneisen KK		Robustes Handzahneisen mit WIDIA-Einsätzen für den GaLa-Bau.
1205	GaLa-Bau & Tiefbau	03 Bohren & Fräsen	Handsetzer & Meisselwerkzeuge	3	Stahl-Handsetzer 60mm	040-358	Handsetzer für die Bearbeitung von Hartgestein per Hammerschlag.
6203	GaLa-Bau & Tiefbau	03 Bohren & Fräsen	Kernbohrmaschinen (Husqvarna)	2	Husqvarna DM 230 Kernbohrmaschine	050-316	Handliche Kernbohrmaschine bis 150 mm mit Stativ.
6204	GaLa-Bau & Tiefbau	03 Bohren & Fräsen	Kernbohrständer (Husqvarna)	2	Husqvarna DS 150 Kernbohrständer	050-318	Vielseitiger Kernbohrständer mit Vakuumbefestigung bis 150 mm.
3788	GaLa-Bau & Tiefbau	03 Bohren & Fräsen	Kernbohrsysteme	2	Husqvarna DMS 240 Bohrsystem	050-212	Elektrisches Kernbohrsystem mit Bohrständer bis Ø250 mm.
4010	GaLa-Bau & Tiefbau	03 Bohren & Fräsen	Trockenbohrkronen	4	Diamantbohrkrone HQ		Husqvarna Bohrkrone Z EDGE für Stahlbeton und Hartbeton.
4239	GaLa-Bau & Tiefbau	04 Schleifen, Kanten & Polieren	Diamant-Schleifteller	4	FAST-CUT Diamantschleifteller Ø 100mm M14		Diamantschleifteller für Naturstein und Betonwerkstein.
3597	GaLa-Bau & Tiefbau	04 Schleifen, Kanten & Polieren	Hartmetall-Handwerkzeuge Stein	2	Stahlspitzeisen Marmor  SK		Stahlspitzeisen speziell für die Marmorbearbeitung.
3598	GaLa-Bau & Tiefbau	04 Schleifen, Kanten & Polieren	Hartmetall-Handwerkzeuge Stein	2	Stahlspitzeisen für Granit  Schlägelkopf SK		Gehärtetes Stahlspitzeisen für die Granitbearbeitung.
3599	GaLa-Bau & Tiefbau	04 Schleifen, Kanten & Polieren	Hartmetall-Handwerkzeuge Stein	2	Stahlspitzeisen für Sandstein Schlägelkopf SK		Stahlspitzeisen speziell für die Sandsteinbearbeitung.
3600	GaLa-Bau & Tiefbau	04 Schleifen, Kanten & Polieren	Hartmetall-Handwerkzeuge Stein	2	Stahlscharrriereisen mit Knüfelkopf universal		Nachschleifbares Scharriereisen für die Steinoberfläche.
3601	GaLa-Bau & Tiefbau	04 Schleifen, Kanten & Polieren	Hartmetall-Handwerkzeuge Stein	2	Stahl Handsetzer Universal		Universeller Stahl-Handsetzer, nachschleifbar.
106	GaLa-Bau & Tiefbau	04 Schleifen, Kanten & Polieren	Sichtschleifmaschinen	3	Diamantschleifscheibe SM D126 Kaindl	031-614	Durchsichtige Diamant-Verschleissscheibe für die Sichtschleifmaschine.
105	GaLa-Bau & Tiefbau	04 Schleifen, Kanten & Polieren	Sichtschleifmaschinen	2	Kaindl Sichtschleifmaschine SM 180	050-194	Schleifscheibe wird beim Schleifen durchsichtig für volle Sicht aufs Werkstück.
114	GaLa-Bau & Tiefbau	04 Schleifen, Kanten & Polieren	Sichtschleifmaschinen	2	Präzisionsoptik mit LED zur Sichtschleifmaschine	050-196	Beleuchtet das Werkstück präzise beim Sichtschleifen.
1406	GaLa-Bau & Tiefbau	04 Schleifen, Kanten & Polieren	Sichtschleifscheiben Widia	2	Diamantschleifscheibe SM D76 Kaindl	031-616	Diamantscheibe zum Sichtschleifen von Widia-Werkzeugen.
4250	GaLa-Bau & Tiefbau	05 Verlegen, Heben & Transportieren	Abziehlehren	3	Abziehlehren AZL-Set 60	081-302	Grosses Abziehlehren-Set für maschinelle Verlegung, 60 m.
4252	GaLa-Bau & Tiefbau	05 Verlegen, Heben & Transportieren	Abziehlehren	3	Abzielehren AZL Set 24	081-070	Kompaktes Abziehlehren-Set für die Verlegung.
6070	GaLa-Bau & Tiefbau	05 Verlegen, Heben & Transportieren	Anschlagmittel/Rundschlingen	3	SpanSet Supra Plus Rundschlinge 1000 kg violett EP010		Rundschlinge 1000kg mit abriebfesten Rippen, unverlierbarer Tragfähigkeitsangabe.
124	GaLa-Bau & Tiefbau	05 Verlegen, Heben & Transportieren	Ersatzteile Vakuum-Verlegesystem	1	Probst Ersatzdichtung zu VPH 150	081-214	Original-Ersatzdichtung für PROBST Saugplatte VPH 150.
5567	GaLa-Bau & Tiefbau	05 Verlegen, Heben & Transportieren	Ersatzteile Verlegezangen (PROBST)	2	Probst Ersatzgummi PGL 350mm Schwarz	081-120 GLS	Ersatzgummi für Probst-Verlegezangen TSZ.
5568	GaLa-Bau & Tiefbau	05 Verlegen, Heben & Transportieren	Ersatzteile Verlegezangen (PROBST)	2	Probst PGL 350mm / Profil Gummi Leiste weiss für TSZ UNI und MAXI	081-120 GLG	Ersatzgummi für Probst-Verlegezangen TSZ.
6577	GaLa-Bau & Tiefbau	05 Verlegen, Heben & Transportieren	Fertigteilzangen	2	PROBST PC-200 Panel Zange bis 200kg PC 200	081-133	Zange zum sicheren, vertikalen Versetzen von Beton-Schallschutzwänden.
6583	GaLa-Bau & Tiefbau	05 Verlegen, Heben & Transportieren	Fertigteilzangen	2	PROBST Fertigteilzange FTZ MULTI D Basisgerät ohne Backen	081-057	Modulare Fertigteilzange mit grosser Eintauchtiefe für flexible Backenwahl.
6589	GaLa-Bau & Tiefbau	05 Verlegen, Heben & Transportieren	Fertigteilzangen	2	PROBST Fertigteilzange FTZ MULTI 15 und das passende Zubehör		Modulare Fertigteilzange mit grossem Greifbereich für Beton- und Natursteinelemente.
6735	GaLa-Bau & Tiefbau	05 Verlegen, Heben & Transportieren	Fertigteilzangen	2	PROBST TSZ MAXI Trittstufenversetzzange 800kg	081-118 MAX	Zange für sicheres Versetzen von Trittstufen und konischen Bordsteinen.
6881	GaLa-Bau & Tiefbau	05 Verlegen, Heben & Transportieren	Fertigteilzangen	2	PROBST Fertigteilzange FTZ Maxi 50	081-260 MAXI	Fertigteilzange mit grossem Greifbereich, Tragfähigkeit bis 5 Tonnen.
6882	GaLa-Bau & Tiefbau	05 Verlegen, Heben & Transportieren	Fertigteilzangen	2	PROBST Fertigteilzange FTZ uni 50	081-260 UNI	Universelle Fertigteilzange, Greifbereich 0-850mm, bis 5 Tonnen.
3058	GaLa-Bau & Tiefbau	05 Verlegen, Heben & Transportieren	Greifzangen & Backen	2	PROBST Wechselbacken WB-SQ zu TSZ-uni	081-116	Selbst nachgreifende Wechselbacken für PROBST TSZ-uni.
3062	GaLa-Bau & Tiefbau	05 Verlegen, Heben & Transportieren	Handversetzgeräte	2	PROBST 2-Mann Handtragegriff PPH-2-HG	081-238	Drehbarer 2-Mann-Handtragegriff für PROBST PPH-Plattenheber.
5624	GaLa-Bau & Tiefbau	05 Verlegen, Heben & Transportieren	Handversetzgeräte (PROBST)	3	PROBST Profi Plattenheber PPH 22/50 Tragfähigkeit 60kg	081-129	Profi-Plattenheber mit grossem Verstellbereich.
6457	GaLa-Bau & Tiefbau	05 Verlegen, Heben & Transportieren	Handwerkzeug-Ersatzteile	1	PROBST Ersatzteil Langstil für GH ERGO	081-033 LS	Ersatzstiel Esche poliert für Gummihammer Probst-GH ERGO.
1054	GaLa-Bau & Tiefbau	05 Verlegen, Heben & Transportieren	Hebezangen	2	PROBST Hand-Findling-Versetzzange FVZ uni	081-044	Versetzt kleinere Findlinge sicher von Hand oder maschinell.
1065	GaLa-Bau & Tiefbau	05 Verlegen, Heben & Transportieren	Hebezangen	2	PROBST Bordsteinversetzzange VZ-M uni	081-090	Versetzt Bordsteine sicher an jedem Trägergerät.
1070	GaLa-Bau & Tiefbau	05 Verlegen, Heben & Transportieren	Hebezangen	2	PROBST Fertigteilzange FTZ I	081-072	Greift und versetzt Betonfertigteile sicher bis 900 kg.
1129	GaLa-Bau & Tiefbau	05 Verlegen, Heben & Transportieren	Hebezangen	2	PROBST Rohrgreifer RG 20-80	081-148	Nimmt Betonrohre sicher auf, auch in schmalen Gräben.
5440	GaLa-Bau & Tiefbau	05 Verlegen, Heben & Transportieren	Hebezangen (PROBST)	2	Probst FTZ-BB Fertigteilzange	081-352	Fertigteilzange speziell für Kasseler Bordsteine.
7836	GaLa-Bau & Tiefbau	05 Verlegen, Heben & Transportieren	Hebezangen Tiefbau	3	PROBST SVZ-ECO-L Schachtversetzzange 2000kg	081-412	Schachtversetzzange für sicheres Handling bis 2000 kg.
7839	GaLa-Bau & Tiefbau	05 Verlegen, Heben & Transportieren	Hebezangen Tiefbau	3	PROBST Winkelelementzange WEZ 6	081-416	Winkelelementzange für sicheres Versetzen von L-Steinen.
6972	GaLa-Bau & Tiefbau	05 Verlegen, Heben & Transportieren	Hebezeug-Zubehör	2	SpanSet Supra Plus Rundschlinge 2.5m 2000kg grün	080-134	Rundschlinge für Hebezeuge, Tragfähigkeit 2000kg, 2.5m Umfang.
4101	GaLa-Bau & Tiefbau	05 Verlegen, Heben & Transportieren	Hebezeuge	3	Flaschenzug Alu 1000-1500 Kilogramm		Leichter Alu-Flaschenzug, Traglast bis 1500 kg.
6307	GaLa-Bau & Tiefbau	05 Verlegen, Heben & Transportieren	PROBST Ersatzteile	1	PROBST Ersatzdichtung zu SPS 200-VS	081-211	Ersatzdichtung für PROBST SPS 200-VS zur Selbstmontage.
6403	GaLa-Bau & Tiefbau	05 Verlegen, Heben & Transportieren	PROBST Ersatzteile	1	Probst Höhenversteller für den Mini Plan MP 70	081-153	Höhenverstellung für Mini-Plan MP 70, 45-170 mm.
6441	GaLa-Bau & Tiefbau	05 Verlegen, Heben & Transportieren	PROBST Ersatzteile	1	PROBST Ersatzteil Kurzstil für GH ERGO	081-033 KS	Ersatzstiel aus Esche für PROBST Gummihammer GH ERGO.
6442	GaLa-Bau & Tiefbau	05 Verlegen, Heben & Transportieren	PROBST Ersatzteile	1	PROBST Ersatzteil PVC Schutzscheibe für GH ERGO	081-033 SCHEIBE	Ersatz-Schutzscheibe für PROBST Gummihammer GH ERGO.
1772	GaLa-Bau & Tiefbau	05 Verlegen, Heben & Transportieren	PROBST Hebezangen	2	FERROLOCK Kipp-Hebezange 500kg	080-030 500	Kipp-Hebezange für plattenförmige Steine bis 500 kg Tragkraft.
1773	GaLa-Bau & Tiefbau	05 Verlegen, Heben & Transportieren	PROBST Hebezangen	2	FERROLOCK Kipp-Hebezange 1500kg	080-030 1500	Kipp-Hebezange für plattenförmige Steine bis 1500 kg Tragkraft.
8200	GaLa-Bau & Tiefbau	05 Verlegen, Heben & Transportieren	PROBST Hebezangen-Zubehör	2	PROBST Höhenverstellbare Auflage HVA Schwarz	081-120 SW	Höhenverstellbare Auflage für PROBST-Verlegezangen.
8202	GaLa-Bau & Tiefbau	05 Verlegen, Heben & Transportieren	PROBST Hebezangen-Zubehör	2	PROBST Höhenverstellbare Auflage HVA Grau	081-120 GR	Höhenverstellbare Auflage für PROBST-Verlegezangen.
7917	GaLa-Bau & Tiefbau	05 Verlegen, Heben & Transportieren	PROBST Pflaster- & Verlegesysteme	1	PROBST TAK-750 Teleskop Abziehkübel	081-426	Teleskop-Abziehkübel für Arbeitsbreiten bis 7500 mm.
7918	GaLa-Bau & Tiefbau	05 Verlegen, Heben & Transportieren	PROBST Pflaster- & Verlegesysteme	1	PROBST TAK-DP einstellbares Zwischenteil	081-428	Zwischenteil für Dach- und Wannenprofile bis ± 3 % Gefälle.
3178	GaLa-Bau & Tiefbau	05 Verlegen, Heben & Transportieren	PROBST Pflasterwerkzeuge	3	PROBST Gummihammer GH-ERGO	081-032	Ergonomischer Langstiel-Gummihammer für Pflasterarbeiten.
3179	GaLa-Bau & Tiefbau	05 Verlegen, Heben & Transportieren	PROBST Pflasterwerkzeuge	3	PROBST Gummihammer GH-ERGO-K	081-094	Ergonomischer Kurzstiel-Gummihammer für Pflasterarbeiten.
3169	GaLa-Bau & Tiefbau	05 Verlegen, Heben & Transportieren	PROBST Pflasterwerkzeuge	2	PROBST Richteisen RE	081-186	Richtet Verbundsteine vor dem Rütteln exakt aus.
3170	GaLa-Bau & Tiefbau	05 Verlegen, Heben & Transportieren	PROBST Pflasterwerkzeuge	2	PROBST RVH Rasengitterverlegehilfen Paar	081-030	Paar-Verlegehilfe speziell für Rasengittersteine.
3172	GaLa-Bau & Tiefbau	05 Verlegen, Heben & Transportieren	PROBST Pflasterwerkzeuge	2	PROBST Steinzieher SZ	081-060	Zieht Verbundsteine bei Reparaturen werkzeuglos heraus.
3174	GaLa-Bau & Tiefbau	05 Verlegen, Heben & Transportieren	PROBST Pflasterwerkzeuge	2	PROBST Mehrfach-Richteisen MRE	081-068	Richtet mehrere Steinreihen gleichzeitig aus.
3175	GaLa-Bau & Tiefbau	05 Verlegen, Heben & Transportieren	PROBST Pflasterwerkzeuge	2	PROBST Steinausheber SAH	081-192	Nimmt einzelne Steine sauber aus dem Belag.
3208	GaLa-Bau & Tiefbau	05 Verlegen, Heben & Transportieren	PROBST Plattenheber & -zieher	2	PROBST Profi-Plattenheber PPH 10/37 Tragfähigkeit 60kg	081-144	Hebt Beton- und Natursteinplatten mit grosser Hebelkraft.
3210	GaLa-Bau & Tiefbau	05 Verlegen, Heben & Transportieren	PROBST Plattenheber & -zieher	2	PROBST Plattenzieher PZ	081-124	Zieht einzelne Platten sicher aus dem Belag.
3212	GaLa-Bau & Tiefbau	05 Verlegen, Heben & Transportieren	PROBST Plattenheber & -zieher	2	PROBST Profi-Plattenheber PPH 33/62 Tragfähigkeit 60kg	081-128	Hebt grössere Beton- und Natursteinplatten sicher an.
3216	GaLa-Bau & Tiefbau	05 Verlegen, Heben & Transportieren	PROBST Schachtringgehänge	2	PROBST Schachtringgehänge SRG-UNI-3-K	081-146	Versetzt Schachtringe automatisch angepasst an die Wandstärke.
3217	GaLa-Bau & Tiefbau	05 Verlegen, Heben & Transportieren	PROBST Schachtringgehänge	2	PROBST Schachtringgehänge SRG-uni- 1.5-K	081-142	Versetzt kleinere Schachtringe automatisch angepasst.
1500	GaLa-Bau & Tiefbau	05 Verlegen, Heben & Transportieren	PROBST Transportgeräte	1	PROBST Stützrad zu Transportkarre VTK-V	081-324	Stützrad für leichteres Handling der Transportkarre VTK-V.
1399	GaLa-Bau & Tiefbau	05 Verlegen, Heben & Transportieren	PROBST Verlegehilfen	3	Pflasterboy PB 15/24	081-092	Handgerät zum direkten Verlegen von Verbundsteinen vom Paket.
3195	GaLa-Bau & Tiefbau	05 Verlegen, Heben & Transportieren	PROBST Versetzzangen	2	PROBST Findling-Versetzzange FVZ-uni	081-256	Versetzt Findlinge und Steinquader formunabhängig.
3198	GaLa-Bau & Tiefbau	05 Verlegen, Heben & Transportieren	PROBST Versetzzangen	2	PROBST Trittstufen-Versetzzange TSV	081-058	Universalzange für Trittstufen, Bordsteine und L-Steine.
3199	GaLa-Bau & Tiefbau	05 Verlegen, Heben & Transportieren	PROBST Versetzzangen	2	PROBST Versetzzange VZ 1+VZ 2		Versetzt Bordsteine dicht an dicht, ohne Richtschnur-Auslenkung.
3200	GaLa-Bau & Tiefbau	05 Verlegen, Heben & Transportieren	PROBST Versetzzangen	2	PROBST Fertigteilzange FTZ-uni 25	081-258	Vollautomatische Zange für schwere Betonfertigteile.
3201	GaLa-Bau & Tiefbau	05 Verlegen, Heben & Transportieren	PROBST Versetzzangen	2	PROBST Trittstufen-Versetzzange TSZ-uni 800kg	081-118	Allroundzange für Bordsteine und Trittstufen bis 800 kg.
3202	GaLa-Bau & Tiefbau	05 Verlegen, Heben & Transportieren	PROBST Versetzzangen	2	PROBST Winkelelementzange WEZ 2	081-130	Versetzt L-Steine senkrecht hängend und markierungsfrei.
3204	GaLa-Bau & Tiefbau	05 Verlegen, Heben & Transportieren	PROBST Versetzzangen	2	PROBST EASYGRIP EXG Rabattengreifer	081-114	Kompakte Zange für Rabatten und Bordsteine, maschinell oder manuell.
3205	GaLa-Bau & Tiefbau	05 Verlegen, Heben & Transportieren	PROBST Versetzzangen	2	Probst Rasengitter Verlegezange RGV		Verlegt bis zu 5 Rasengittersteine gleichzeitig.
3206	GaLa-Bau & Tiefbau	05 Verlegen, Heben & Transportieren	PROBST Versetzzangen	2	PROBST EASYGRIP EXG MAXI Rabattengreifer	081-282	Grössere EASYGRIP-Zange für schwere Rabatten und Bordsteine.
3207	GaLa-Bau & Tiefbau	05 Verlegen, Heben & Transportieren	PROBST Versetzzangen	2	PROBST Stelensetzer SLS 8/20-G-VA	081-140	Richtet liegende Granitstelen sicher auf und versetzt sie.
3211	GaLa-Bau & Tiefbau	05 Verlegen, Heben & Transportieren	PROBST Versetzzangen	2	PROBST Bordsteinversetzzange BVZ	081-036	Universelle Zange für Bordsteine und GaLa-Bau-Elemente.
3213	GaLa-Bau & Tiefbau	05 Verlegen, Heben & Transportieren	PROBST Versetzzangen	2	PROBST Bordsteinzange BZ		Setzt Bordsteine ohne Beeinträchtigung der Richtschnur.
4227	GaLa-Bau & Tiefbau	05 Verlegen, Heben & Transportieren	PROBST-Abziehsysteme	3	PROBST TELEPLAN Handabziehsystem TP-60/100	081-296	Sichelförmiges Handabziehsystem für verdichteten Sand, 600-1000 mm.
4230	GaLa-Bau & Tiefbau	05 Verlegen, Heben & Transportieren	PROBST-Abziehsysteme	3	PROBST Handabziehsystem  Teleplan TP 150/260	081-024	Sichelförmiges Handabziehsystem für grössere Breiten, 1500-2600 mm.
4231	GaLa-Bau & Tiefbau	05 Verlegen, Heben & Transportieren	PROBST-Abziehsysteme	3	PROBST Handabziehsystem Teleplan TP 200/350	081-022	Sichelförmiges Handabziehsystem für grosse Flächen, 2000-3500 mm.
4233	GaLa-Bau & Tiefbau	05 Verlegen, Heben & Transportieren	PROBST-Abziehsysteme	2	PROBST TELEPLAN HGH-TP Handgriffhalter	081-222	Handgriffhalter für Teleplan-Abziehsystem, Satz zu 2 Stück.
4234	GaLa-Bau & Tiefbau	05 Verlegen, Heben & Transportieren	PROBST-Abziehsysteme	2	PROBST Handgriffe HG-TP zu TELEPLAN	081-298	Handgriffe für ermüdungsfreies, stehendes Abziehen mit Teleplan.
2268	GaLa-Bau & Tiefbau	05 Verlegen, Heben & Transportieren	PROBST-Ersatzteile	2	PROBST Ersatzmesser zu SA/SAH lang	081-346	Original-Ersatzmesser für PROBST SA/SAH.
7090	GaLa-Bau & Tiefbau	05 Verlegen, Heben & Transportieren	PROBST-Ersatzteile	1	Probst GMT Gummischiene 60x35x420mm, schwarz, mit einvulk. C-Profil	081-045	PROBST-Ersatzteil: Gummischiene mit C-Profil, 60x35x420mm.
6019	GaLa-Bau & Tiefbau	05 Verlegen, Heben & Transportieren	PROBST-Hebezangen	2	PROBST Fertigteilzange FTZ maxi 25	081-358	Universelle Fertigteilzange mit grossem Greifbereich für vorgefertigte Elemente.
6053	GaLa-Bau & Tiefbau	05 Verlegen, Heben & Transportieren	PROBST-Hebezangen	2	PROBST KKV-200	081-357	Mechanische Kabelkanal-Versetzzange für Kabelkanäle II-IV-IF.
6090	GaLa-Bau & Tiefbau	05 Verlegen, Heben & Transportieren	PROBST-Hebezangen	2	PROBST KKV-200 Stahlpratze KKV-A-330/355 für I-IF,III-IF, IIIa-IF,IV-IF,	081-361	Austauschbare Stahlpratzen für extrem breite Kabelkanäle, 330-355mm.
6091	GaLa-Bau & Tiefbau	05 Verlegen, Heben & Transportieren	PROBST-Hebezangen	2	PROBST KKV-200 Stahlpratze KKV-A-185/210  für I-IF,III-IF, IIIa-IF,IV-IF,	081-359	Austauschbare Stahlpratzen für breite Kabelkanäle, Greifbereich 185-210mm.
5986	GaLa-Bau & Tiefbau	05 Verlegen, Heben & Transportieren	PROBST-Verlegezangen	2	PROBST Hydraulische Verlegezange HVZ-UNI-II	081-315	Hydraulische Verlegezange für Pflastersteinlagen mit Haupt- und Nebenspannung.
3615	GaLa-Bau & Tiefbau	05 Verlegen, Heben & Transportieren	Pflaster-Richtwerkzeuge	3	GH-RE-TWIN Gummihammer-Richteisen	081-194	2-in-1-Werkzeug zum Einschlagen und Ausrichten von Pflastersteinen.
6536	GaLa-Bau & Tiefbau	05 Verlegen, Heben & Transportieren	Pflasterreparatur	2	PROBST Steinziehhammer SZH		Zieht defekte Pflastersteine ohne Beschädigung der Nachbarsteine heraus.
1053	GaLa-Bau & Tiefbau	05 Verlegen, Heben & Transportieren	Pflasterverlegehilfen	3	Pflasterboy PB 1	081-028	Greift und versetzt Verbundsteine direkt vom Paket.
3146	GaLa-Bau & Tiefbau	05 Verlegen, Heben & Transportieren	Planum-Abziehsysteme	2	Abziehlehren AZL-Set 20	081-300	Abziehlehren-Set für exakte Planumserstellung im GaLa-Bau.
3149	GaLa-Bau & Tiefbau	05 Verlegen, Heben & Transportieren	Planum-Abziehsysteme	2	PROBST LEVELFIX  LF-75/125	081-284	Hand-Planiersystem für Bettungsmaterial unter Pflasterflächen.
3152	GaLa-Bau & Tiefbau	05 Verlegen, Heben & Transportieren	Planum-Abziehsysteme	2	Easy Plan EP 90/230	081-134	Teleskop-Abziehsystem für Arbeitsbreiten von 900 bis 2300 mm.
3153	GaLa-Bau & Tiefbau	05 Verlegen, Heben & Transportieren	Planum-Abziehsysteme	2	Easy Plan EP 230/300	081-136	Teleskop-Abziehsystem für Arbeitsbreiten von 900 bis 2300 mm.
3154	GaLa-Bau & Tiefbau	05 Verlegen, Heben & Transportieren	Planum-Abziehsysteme	2	Teleskop Abzieh. TAS-Uni 450	081-078	Teleskop-Abziehsystem für Arbeitsbreiten bis 4,50 m.
3155	GaLa-Bau & Tiefbau	05 Verlegen, Heben & Transportieren	Planum-Abziehsysteme	2	Teleskop-Abziehsystem TAS-600	081-066	Teleskop-Abziehsystem für Arbeitsbreiten bis 6 m.
3156	GaLa-Bau & Tiefbau	05 Verlegen, Heben & Transportieren	Planum-Abziehsysteme	2	PROBST Abziehlehren Set AZL-EP 25	081-138	25-Meter-Abziehlehren-Set aus verzinktem Stahl.
6072	GaLa-Bau & Tiefbau	05 Verlegen, Heben & Transportieren	Planumserstellung	3	PROBST TELEPLAN Handabziehsystem TP-100 / 165	081-297	Teleskopisches Handabziehsystem für präzises Planum, sichelförmiges Profil.
6462	GaLa-Bau & Tiefbau	05 Verlegen, Heben & Transportieren	Planumserstellung	2	PROBST Fixplan FP 70 - 250		Selbstschneidendes Abziehprofil für schnelle, kraftsparende Planumsherstellung.
6463	GaLa-Bau & Tiefbau	05 Verlegen, Heben & Transportieren	Planumserstellung	2	PROBST HG ERGO SOLO und DUO für FP Fixplan		Ergonomische Handgriffe für ermüdungsfreies Arbeiten mit Fixplan und Teleplan.
1043	GaLa-Bau & Tiefbau	05 Verlegen, Heben & Transportieren	Planumserstellung	2	PROBST Mini Plan MP-70	081-150	Erstellt und korrigiert Planum-Gefälle rationell von Hand.
6227	GaLa-Bau & Tiefbau	05 Verlegen, Heben & Transportieren	Planumserstellung (PROBST)	2	PROBST Easy Plan EP-UNI-RS Rollensatz	081-135	Rollensatz für PROBST Easy Plan EP-UNI.
6402	GaLa-Bau & Tiefbau	05 Verlegen, Heben & Transportieren	Planumserstellung (PROBST)	2	Probst Mini Plan MP 30	081-151	Leichtes Werkzeug für Planum-Korrekturen, 300 mm breit.
6452	GaLa-Bau & Tiefbau	05 Verlegen, Heben & Transportieren	Planumserstellung (PROBST)	2	PROBST Levelhandy LH	081-141	Abziehwerkzeug für präzisen Bordstein-Anschluss am Planum.
6451	GaLa-Bau & Tiefbau	05 Verlegen, Heben & Transportieren	Planumserstellung (PROBST)	1	PROBST TP/FP RS für TP Teleplan und FP Fixplan	081-139	Rollensatz für PROBST Teleplan und Fixplan.
6456	GaLa-Bau & Tiefbau	05 Verlegen, Heben & Transportieren	Plattenheber	2	Probst Profi Plattenheber PPH S 10/62	081-127	Profi-Plattenheber mit grossem Verstellbereich für Beton- und Natursteinplatten.
7149	GaLa-Bau & Tiefbau	05 Verlegen, Heben & Transportieren	Plattenhebezangen	2	Plattenhebezange FERROLOCK 60w Kaiman 20-60mm auto	080-052 60 AUTO	Automatische Plattenhebezange, Tragkraft 1500kg, für helle Platten.
4486	GaLa-Bau & Tiefbau	05 Verlegen, Heben & Transportieren	Plattenträger	3	Gecko Plattenträger Paar 80kg	080-056	Zangenpaar für komfortablen Transport von Steinplatten bis 80 kg.
6541	GaLa-Bau & Tiefbau	05 Verlegen, Heben & Transportieren	Plattenzangen	2	Plattenhebezange FERROLOCK 50w Kaiman 10-50 mm auto	080-052 50 AUTO	Automatische Plattenhebezange mit weissen Gummibacken gegen Verfärbung.
5275	GaLa-Bau & Tiefbau	05 Verlegen, Heben & Transportieren	Plattenzangen (PROBST-System)	3	Plattenhebezange FERROLOCK 30w	080-050 30	Kompakter Plattengreifer für enge Plattenstapel, 1000kg.
5276	GaLa-Bau & Tiefbau	05 Verlegen, Heben & Transportieren	Plattenzangen (PROBST-System)	3	Plattenhebezange FERROLOCK 50w	080-050 50	Plattengreifer für mittlere Plattenstärken, 1300kg.
5277	GaLa-Bau & Tiefbau	05 Verlegen, Heben & Transportieren	Plattenzangen (PROBST-System)	3	Plattenhebezange FERROLOCK 60w	080-050 60	Plattengreifer für starke Platten, Tragkraft 1500kg.
2366	GaLa-Bau & Tiefbau	05 Verlegen, Heben & Transportieren	Portalkrane	2	Portalkran Alu mit 1000 kg Tragkraft / Trägerlänge 4 Meter	080-002	Klappbarer Alu-Portalkran, 1000kg, 4m Trägerlänge.
2367	GaLa-Bau & Tiefbau	05 Verlegen, Heben & Transportieren	Portalkrane	2	Portalkran Alu mit 1500 kg Tragkraft / Trägerlänge 4 Meter	080-004	Klappbarer Alu-Portalkran, 1500kg, 4m Trägerlänge.
2416	GaLa-Bau & Tiefbau	05 Verlegen, Heben & Transportieren	Portalkrane	2	Alu-Dreibock Traglast 1000kg	080-022	Zusammenklappbarer Alu-Dreibock, 1000kg Traglast.
6584	GaLa-Bau & Tiefbau	05 Verlegen, Heben & Transportieren	Rohrgreifer	2	PROBST Rohrgreifer RG-20/80	081-149	Schlanker Rohrgreifer für Betonrohre, auch in engen Gräben einsetzbar.
6585	GaLa-Bau & Tiefbau	05 Verlegen, Heben & Transportieren	Rohrgreifer	2	PROBST Rohrgreifer RG-20/85 Safelock	081-145	Rohrgreifer mit Sicherheitsverriegelung für Beton- und Steinzeugrohre.
6586	GaLa-Bau & Tiefbau	05 Verlegen, Heben & Transportieren	Rohrgreifer	2	PROBST Rohrgreifer RG-75/125 Safelock	081-143	Sicherheitsrohrgreifer für grosse Rohrdurchmesser mit Kurbelverstellung.
6587	GaLa-Bau & Tiefbau	05 Verlegen, Heben & Transportieren	Rohrgreifer	2	PROBST Rohrgreifer RG-100-150 Safelock	081-147	Sicherheitsrohrgreifer für grösste Rohrdurchmesser bis 1530 mm.
2086	GaLa-Bau & Tiefbau	05 Verlegen, Heben & Transportieren	Saugheber	2	Saugheber Typ 2 aus Alu 80kg	080-072	Handlicher Alu-Saugheber bis 80kg.
2135	GaLa-Bau & Tiefbau	05 Verlegen, Heben & Transportieren	Saugheber	2	Saugheber GS1 40 kg	080-070	Leichter Saugheber mit Einhandbedienung.
7378	GaLa-Bau & Tiefbau	05 Verlegen, Heben & Transportieren	Schonhämmer	2	SIMPLEX Schonhammer extra kurz, Ø60mm Stiel 205mm	040-831	Schonhammer mit extra kurzem Stiel für Pflasterarbeiten.
3158	GaLa-Bau & Tiefbau	05 Verlegen, Heben & Transportieren	Transportgeräte	2	PROBST Palettenwagen PW III	081-088	Hydraulischer Palettenwagen für 1500 kg Steinpakete.
3159	GaLa-Bau & Tiefbau	05 Verlegen, Heben & Transportieren	Transportgeräte	2	PROBST VTK-V-AR  Auffahrrampe	081-326	Auffahrrampe zur einfachen Palettenaufnahme mit VTK-V.
3160	GaLa-Bau & Tiefbau	05 Verlegen, Heben & Transportieren	Transportgeräte	2	PROBST Verbundstein Transportkarre VTK-V	081-046	Transportkarre für Verbundsteine mit stufenloser Spannung.
2085	GaLa-Bau & Tiefbau	05 Verlegen, Heben & Transportieren	Transportroller	2	FERRO Transportroller 801 SV	080-048	800kg Tragkraft mit verstellbarer Spurbreite.
2215	GaLa-Bau & Tiefbau	05 Verlegen, Heben & Transportieren	Transportroller	2	FERRO-Transportroller 750	080-046	Robuster Transportroller für 750kg.
6086	GaLa-Bau & Tiefbau	05 Verlegen, Heben & Transportieren	Vakuum-Verlegesystem	4	NEMO GRABO - Gummidichtung	080-092 DICHTUNG	Ersatz-Dichtlippe für NEMO GRABO Vakuumheber.
3046	GaLa-Bau & Tiefbau	05 Verlegen, Heben & Transportieren	Vakuum-Verlegesystem	4	PROBST Ersatzdichtung zu SPS 100-VS		Ersatzdichtung für PROBST Vakuum-Steinmagnet SPS 100-VS.
3049	GaLa-Bau & Tiefbau	05 Verlegen, Heben & Transportieren	Vakuum-Verlegesystem	4	Ersatzdichtung zu SPS 90 SM	081-196	Hochverschleissfeste Ersatzdichtung für PROBST SPS 90 SM.
3054	GaLa-Bau & Tiefbau	05 Verlegen, Heben & Transportieren	Vakuum-Verlegesystem	4	PROBST Ersatzdichtung zu SPS Steinmagnet 400/600/1200 kg zur Selbstmontage		Ersatzdichtung für PROBST Steinmagnete 400/600/1200 kg.
4317	GaLa-Bau & Tiefbau	05 Verlegen, Heben & Transportieren	Vakuum-Verlegesystem	3	PROBST Vakuum-Handy VH 1/ VH 2		Vakuum-Handverlegesystem für saugdichte Steinplatten.
3183	GaLa-Bau & Tiefbau	05 Verlegen, Heben & Transportieren	Vakuum-Verlegesystem	3	PROBST Quickjet QJ-600-E Vakuumgerät (Basisgerät)	081-248	Saugt und versetzt stark poröse Platten bis 600 kg.
3188	GaLa-Bau & Tiefbau	05 Verlegen, Heben & Transportieren	Vakuum-Verlegesystem	3	PROBST Vakuum-Verlegegerät Speedy VS 140/200	081-010	Verlegt Platten fugenlos und körperschonend per Vakuum.
3189	GaLa-Bau & Tiefbau	05 Verlegen, Heben & Transportieren	Vakuum-Verlegesystem	3	PROBST Vakuum Power-Handy VPH 150 Greenline		Akku-Vakuumgerät für saugdichte Platten wie Granit.
7692	GaLa-Bau & Tiefbau	05 Verlegen, Heben & Transportieren	Vakuum-Verlegesystem	3	FLEX Handtragegriff VLP-HCH Duo	050-704 DUO	Zweipersonen-Tragegriff für ergonomisches Plattenheben bis 130 kg.
7693	GaLa-Bau & Tiefbau	05 Verlegen, Heben & Transportieren	Vakuum-Verlegesystem	3	FLEX Handtragegriff VLP-HCH Solo	050-704 SOLO	Einpersonen-Tragegriff für ergonomisches Plattenheben bis 130 kg.
7835	GaLa-Bau & Tiefbau	05 Verlegen, Heben & Transportieren	Vakuum-Verlegesystem	3	PROBST M-Jet-250 Vakuum Handverlegegerät	081-410	Akku-Vakuumheber für Platten bis 250 kg, kabellos einsetzbar.
7879	GaLa-Bau & Tiefbau	05 Verlegen, Heben & Transportieren	Vakuum-Verlegesystem	3	PROBST Saugplatte für M-Jet SPS 250kg 970x420mm	081-161	Saugplatte für den PROBST M-Jet SPS mit 250 kg Traglast.
6458	GaLa-Bau & Tiefbau	05 Verlegen, Heben & Transportieren	Vakuum-Verlegesystem	3	PROBST Saugplatte  SPS 80-200 kg für M-Jet SPS 250kg + Speedy VS 140/200kg		Austauschbare Saugplatten 80-200 kg für M-Jet und Speedy VS Hebegeräte.
6559	GaLa-Bau & Tiefbau	05 Verlegen, Heben & Transportieren	Vakuum-Verlegesystem	3	PROBST Saugplatte SPS 1500 (1000) 80/75 zu SH	081-170 1500	Grossformat-Saugplatte 1500 kg für Probst-Hebegeräte SH 2500/3500.
6569	GaLa-Bau & Tiefbau	05 Verlegen, Heben & Transportieren	Vakuum-Verlegesystem	3	PROBST Saugplatten SPS 90-1200 Kilogramm zu SM Steinmagnet		Zehn Saugplatten-Grössen von 90 bis 1200 kg für den Probst-Steinmagnet.
6637	GaLa-Bau & Tiefbau	05 Verlegen, Heben & Transportieren	Vakuum-Verlegesystem	3	PROBST Saugplatte SPS 200 Rund 370x370 zu SH 2500 und SH 1000	081-170 200	Runde 200-kg-Saugplatte für Probst-Hebegeräte SH 2500 und SH 1000.
69	GaLa-Bau & Tiefbau	05 Verlegen, Heben & Transportieren	Vakuum-Verlegesystem	3	NEMO GRABO AKKU Pack Li-Ionen	080-090	Ersatz-Akku für den Grabo-Vakuumheber, 14.8V/2.2Ah.
6923	GaLa-Bau & Tiefbau	05 Verlegen, Heben & Transportieren	Vakuum-Verlegesystem	3	Ladegerät PROBST Skan 4.0 für SM	081-230	Ladegerät für PROBST-Steinmagnet SM, IP65-geschützt.
1443	GaLa-Bau & Tiefbau	05 Verlegen, Heben & Transportieren	Vakuum-Verlegesystem	2	PROBST Lange Handgriffe zu SPEEDY VS	081-252	Zusatzgriffe für sicheres Verlegen grossformatiger Platten.
3043	GaLa-Bau & Tiefbau	05 Verlegen, Heben & Transportieren	Vakuum-Verlegesystem	2	Probst Einhängeöse  VS-EH zu SPEEDY VS	081-250	Einhängeöse mit Kettensicherung für PROBST SPEEDY VS.
3048	GaLa-Bau & Tiefbau	05 Verlegen, Heben & Transportieren	Vakuum-Verlegesystem	2	PROBST Belüftungsklappe für Speedy	081-290	Ersatz-Belüftungsklappe für PROBST Speedy VS-S.
4427	GaLa-Bau & Tiefbau	05 Verlegen, Heben & Transportieren	Vakuum-Verlegesystem	2	PROBST Saugplatten SPS 500-3500 kg zu SH		Saugplatte für Probst-Hebegeräte, bis 3500 kg Tragkraft.
4467	GaLa-Bau & Tiefbau	05 Verlegen, Heben & Transportieren	Vakuum-Verlegesystem	2	PROBST Ersatzdichtungen zu SPS SH		Ersatzdichtung für Probst-Saugplatten SPS, austauschbar in Sekunden.
4471	GaLa-Bau & Tiefbau	05 Verlegen, Heben & Transportieren	Vakuum-Verlegesystem	2	Saugplatte QJ-ES P320-500kg		Saugplatte für Quickjet-Hebegeräte bis 500 kg.
6575	GaLa-Bau & Tiefbau	05 Verlegen, Heben & Transportieren	Vakuum-Verlegesystem	2	PROBST Traverse für 2 Saugplatten für SH max 3500kg	081-029	Traverse für den gleichzeitigen Anbau von zwei Saugplatten am Hebegerät SH.
1049	GaLa-Bau & Tiefbau	05 Verlegen, Heben & Transportieren	Vakuum-Verlegesystem	2	PROBST UNIMOBIL UMVSS/SE komplett	081-004	Ermöglicht das Verlegen schwerer Platten allein, ohne Tragen.
1062	GaLa-Bau & Tiefbau	05 Verlegen, Heben & Transportieren	Vakuum-Verlegesystem	2	PROBST Vakuum Hebegerät SH 2500 uni-b	081-026	Hebt und versetzt schwere Platten und Elemente bis 2500 kg sicher.
1233	GaLa-Bau & Tiefbau	05 Verlegen, Heben & Transportieren	Vakuum-Verlegesystem	2	PROBST Vakuum-Hebegerät SH 1000 Mini	081-188	Hebt schwere Platten sicher mit nur einer Person.
6908	GaLa-Bau & Tiefbau	05 Verlegen, Heben & Transportieren	Vakuum-Verlegesystem	2	PROBST SM 1200 Steinmagnet Vakuum, heben bis 1,2 Tonnen	081-276	Akku-Vakuumheber für Steinplatten, Tragkraft bis 1.2 Tonnen.
7161	GaLa-Bau & Tiefbau	05 Verlegen, Heben & Transportieren	Vakuum-Verlegesystem	2	PROBST SM Bedienbügel Steinmagnet SM 1200	081-158	Bedienbügel für den PROBST-Steinmagnet SM 1200.
7167	GaLa-Bau & Tiefbau	05 Verlegen, Heben & Transportieren	Vakuum-Verlegesystem	2	PROBST Saugplatte VPH SPS-HP 100kg	081-170 100	Saugplatte für den PROBST-Vakuumheber VPH-150-Greenline.
6243	GaLa-Bau & Tiefbau	05 Verlegen, Heben & Transportieren	Vakuum-Verlegesystem (GRABO)	3	FLEX GRABO VLP 18 C Vakuumheber	050-292	Akku-Vakuumheber mit 120 kg Haltekraft für viele Materialien.
7837	GaLa-Bau & Tiefbau	05 Verlegen, Heben & Transportieren	Verlegehilfen	2	Abziehhilfe	081-414	Abziehhilfe aus dem PROBST-Verlegesortiment.
7675	GaLa-Bau & Tiefbau	05 Verlegen, Heben & Transportieren	Verlegehämmer	3	SIMPLEX Schonhammer mit verstärktem  Ø30mm, TPE-soft / Nylon	040-845	Schonhammer mit dämpfendem TPE-soft-Einsatz ohne Abrieb.
5303	GaLa-Bau & Tiefbau	05 Verlegen, Heben & Transportieren	Verlegesysteme (PROBST)	2	PROBST HVZ-PAVERTRON Elektro-hydraulische Verlegezange	081-318	Elektro-hydraulische Baggerzange für schnelles Pflasterverlegen.
4254	GaLa-Bau & Tiefbau	05 Verlegen, Heben & Transportieren	Verlegezangen/Greifer	3	PROBST Fertigteilzange FTZ-uni 15	081-054	Fertigteilzange für Bordsteine und Betonfertigteile, bis 1500 kg.
4255	GaLa-Bau & Tiefbau	05 Verlegen, Heben & Transportieren	Verlegezangen/Greifer	2	PROBST Profil-Gummi-Leiste zu FTZ	081-076	Ersatzgummibacke für PROBST Fertigteilzange FTZ.
3165	GaLa-Bau & Tiefbau	06 Kleben, Fugen & Gehrung	Pflasterverfugung	2	PROBST EASYFILL FH-H Verfugungsgerät	081-012	Benzinbetriebenes Verfugungsgerät mit Selbstantrieb für Pflasterflächen.
3453	GaLa-Bau & Tiefbau	07 Reinigen, Schützen & Reparieren	AKEMI Spezialreiniger	3	AKEMI Rostentferner Paste	020-510	Salzsäurefreier Rostentferner für säurefeste Natursteine.
1039	GaLa-Bau & Tiefbau	07 Reinigen, Schützen & Reparieren	Hochdruckreiniger	2	PROBST Easy Clean EC 60	080-086	Reinigt Pflasterflächen porentief ohne Verschmutzung der Umgebung.
2479	GaLa-Bau & Tiefbau	07 Reinigen, Schützen & Reparieren	Imprägnierung GaLa	3	AKEMI IMPREGNATOR DURO		Wasser- und schmutzabweisende Kalksteinimprägnierung.
2485	GaLa-Bau & Tiefbau	07 Reinigen, Schützen & Reparieren	Imprägnierung GaLa	3	AKEMI Stein-Imprägnierung		Siliconbasierte Basisimprägnierung gegen Schlagregen.
2487	GaLa-Bau & Tiefbau	07 Reinigen, Schützen & Reparieren	Imprägnierung GaLa	3	AKEMI Anti-Fleck Nano Effect		Schnellwirkende Fleckschutz-Imprägnierung, 10-20 Min.
2489	GaLa-Bau & Tiefbau	07 Reinigen, Schützen & Reparieren	Imprägnierung GaLa	3	AKEMI Anti Fleck W		Wasserbasierte Fleckschutz-Imprägnierung.
2296	GaLa-Bau & Tiefbau	07 Reinigen, Schützen & Reparieren	Rückseitenversiegelung	4	AKEMI AKEPOX® 2015 Anti-Stain 900gr.	020-390	Versiegelt Plattenränder gegen Verlegemörtel-Flecken.
2472	GaLa-Bau & Tiefbau	07 Reinigen, Schützen & Reparieren	Spezialreiniger GaLa	3	AKEMI Steinreiniger		Konzentrierter Reiniger gegen Bauschmutz und Beläge.
2474	GaLa-Bau & Tiefbau	07 Reinigen, Schützen & Reparieren	Spezialreiniger GaLa	3	AKEMI Rostenferner		Entfernt Rostflecken und schützt vor Nachrosten.
2504	GaLa-Bau & Tiefbau	07 Reinigen, Schützen & Reparieren	Spezialreiniger GaLa	3	AKEMI Aussenreiniger Power		Kraftreiniger gegen Aussenverschmutzungen und Beläge.
2519	GaLa-Bau & Tiefbau	07 Reinigen, Schützen & Reparieren	Spezialreiniger GaLa	3	AKEMI Epoxy-Entferner		Entfernt Epoxidharz- und Klebstoffreste.
6685	GaLa-Bau & Tiefbau	08 Staub & Absaugung	Absaugzubehör	2	Husqvarna K1 Pace Vakuumeinheit	050-311	Absaugadapter für staubfreies Trockenschneiden mit dem Husqvarna K1 Pace.
6025	GaLa-Bau & Tiefbau	08 Staub & Absaugung	Akku-Industriesauger	3	Husqvarna DE 110i Akku Staubsauger für BLi-System	050-304	Akku-Industriesauger der H-Klasse mit HEPA13-Filter, 36V BLi-System.
5968	GaLa-Bau & Tiefbau	08 Staub & Absaugung	Nass-/Schlammsauger	2	Husqvarna W 250 P Nasssauger	050-300	Industrieller Nass- und Schlammsauger für Bohr-, Säge- und Schleifschlamm.
5953	GaLa-Bau & Tiefbau	08 Staub & Absaugung	Nass-/Schlammsauger-Zubehör	2	Husqvarna Wassertank WT 15i	050-251	Akku-Wassertank 15L mit Elektropumpe für staubfreies Trennschleifen.
6032	GaLa-Bau & Tiefbau	08 Staub & Absaugung	Nass-/Trockensauger	3	Husqvarna WDC 220 Nass-u. Trockensauger	050-314	Kompakter Nass- und Trockensauger mit auswaschbarem PET-Filter, 20 Liter.
6030	GaLa-Bau & Tiefbau	08 Staub & Absaugung	Trennschleifer-Zubehör	3	Husqvarna K535 Vakuumeinheit	050-310	Vac-Aufsatz für den K535i, ermöglicht Trockenschnitt ohne Wasser.
6023	GaLa-Bau & Tiefbau	09 Maschinen & Energie (Akku, 230 V, Druckluft, Benzin)	Akku-Bohrmotor Kernbohren	2	Handgeführter Bohrmotor DM 540I +2X BLI300 QC500	050-302	Akku-Kernbohrmotor bis Ø75mm handgeführt, mit Ständer bis Ø100mm.
7939	GaLa-Bau & Tiefbau	09 Maschinen & Energie (Akku, 230 V, Druckluft, Benzin)	Akku-Kettensägen	2	FLEX Aktion Kettensäge GCS 35 inkl. Ladegerät und 2x Akku 8Ah	050-327	Akku-Kettensäge mit 35 cm Schwert, Aktion inkl. Akkus und Ladegerät.
6026	GaLa-Bau & Tiefbau	09 Maschinen & Energie (Akku, 230 V, Druckluft, Benzin)	Akku-Ladegeräte	2	Husqvarna QC500 Akku Schnellladegerät	050-306	Schnellladegerät mit aktiver Akkukühlung, bis 50% schnellere Ladezeit.
6024	GaLa-Bau & Tiefbau	09 Maschinen & Energie (Akku, 230 V, Druckluft, Benzin)	Akku-Trennschleifer	3	Husqvarna K 535i Akku Trennschleifer	050-217	Leichter Akku-Trennschleifer für Beton, Granit, Dachziegel und Bodenfliesen.
7910	GaLa-Bau & Tiefbau	09 Maschinen & Energie (Akku, 230 V, Druckluft, Benzin)	Akkus & Ladegeräte	3	CAS Schnellladegerät CH-Version ASC 290, 12-36V, air-cooled	081-420	Schnellladegerät für CAS-Akkus 12-36V, bis 8x schneller.
7911	GaLa-Bau & Tiefbau	09 Maschinen & Energie (Akku, 230 V, Druckluft, Benzin)	Akkus & Ladegeräte	3	CAS Li-Ion 18 Volt / 10 AH Cas Version	081-422	18-V-CAS-Akku mit 10 Ah und patentierter Air-Cooled-Ladetechnologie.
6027	GaLa-Bau & Tiefbau	09 Maschinen & Energie (Akku, 230 V, Druckluft, Benzin)	Akkus 36V	3	Husqvarna BLi 300 36V 9 AH Akku	050-308	36V/9.4Ah-Profi-Akku mit höchster Kapazität der BLi-Serie.
3856	GaLa-Bau & Tiefbau	09 Maschinen & Energie (Akku, 230 V, Druckluft, Benzin)	Benzin-Trennschleifer	2	Husqvarna K970 Trennschleifer mit Benzinmotor	050-215	Robuster Benzin-Trennschleifer für den harten Baustelleneinsatz.
3790	GaLa-Bau & Tiefbau	09 Maschinen & Energie (Akku, 230 V, Druckluft, Benzin)	Elektro-Trennschleifer	2	Husqvarna K4000 Trennschleifer	050-214	Elektro-Trennschleifer mit vorwärts drehender Scheibe für saubere Schnitte.
6487	GaLa-Bau & Tiefbau	09 Maschinen & Energie (Akku, 230 V, Druckluft, Benzin)	Husqvarna PACE-Akkusystem	3	Husqvarna AKKU HUSQVARNA B750X PACE für u.a. K1 Pace	050-216 BG	750-Wh-Hochleistungsakku speziell für den Husqvarna K1 PACE.
6664	GaLa-Bau & Tiefbau	09 Maschinen & Energie (Akku, 230 V, Druckluft, Benzin)	Husqvarna PACE-Akkusystem	3	HUSQVARNA C900X PACE Akku Ladegerät 94 Volt	050-216 C900	900-Watt-Schnellladegerät für Husqvarna PACE-Akkus mit aktiver Kühlung.
6666	GaLa-Bau & Tiefbau	09 Maschinen & Energie (Akku, 230 V, Druckluft, Benzin)	Husqvarna PACE-Akkusystem	3	Husqvarna AKKU B380X PACE für u.a. K1 Pace	050-216 BG 380	380-Wh-Leistungsakku speziell für den Husqvarna K1 PACE.
6515	GaLa-Bau & Tiefbau	09 Maschinen & Energie (Akku, 230 V, Druckluft, Benzin)	Husqvarna Wandsäge-Antrieb	2	Husqvarna PP 70 POWERPACK für K7000 RING 14"	050-213 PP70	Kompaktes 6,5-kW-Hochfrequenz-Antriebsaggregat für Husqvarna PRIME-Wandsägen.
6444	GaLa-Bau & Tiefbau	09 Maschinen & Energie (Akku, 230 V, Druckluft, Benzin)	PROBST Vakuum-Hebesysteme	1	PROBST Power-Rack VS PR Halterung für Honda Stromerzeuger	081-011	Halterung für Honda-Stromerzeuger am SPEEDY-Vakuumheber.
2378	GaLa-Bau & Tiefbau	09 Maschinen & Energie (Akku, 230 V, Druckluft, Benzin)	PROBST-Ersatzteile	1	FIX Adapter Schweiz T12 Weiss Klemmt seit Aenderung		Steckdosenadapter Deutschland auf Schweiz T12.
4446	GaLa-Bau & Tiefbau	09 Maschinen & Energie (Akku, 230 V, Druckluft, Benzin)	Tischfräsen	2	Tischfräse ACHILLI ADR100CE	070-036	Manuelle Tischfräse für Trennscheiben bis Ø 650 mm.
6068	GaLa-Bau & Tiefbau	09 Maschinen & Energie (Akku, 230 V, Druckluft, Benzin)	Vakuum-Verlegesystem	2	Batterie-Ladegerät 12V	130-102	7-Stufen-Ladegerät für 12V-Blei-Akkus von Vakuum-Verlegegeräten.
7008	GaLa-Bau & Tiefbau	11 Baustellen- & Werkstattbedarf	Big-Bags & Entsorgung	3	Big-Bag Stein/Garten 650x650xH750, Flachgewebe	070-100	Robuster Big-Bag für Steine und Bauabfälle, Tragkraft 1000kg.
8417	GaLa-Bau & Tiefbau	11 Baustellen- & Werkstattbedarf	Brech- & Hebelwerkzeuge	2	Rennsteig Nageleisen Set M	041-592	Nageleisen-Set mit drei Längen für Demontagearbeiten.
1063	GaLa-Bau & Tiefbau	11 Baustellen- & Werkstattbedarf	Erdnagelzieher	2	Probst ENZ-Protect Erdnagelzieher	081-050	Zieht Erdnägel schnell und ohne Verbiegen aus dem Boden.
5688	GaLa-Bau & Tiefbau	11 Baustellen- & Werkstattbedarf	Ersatzteile Gummihammer (PROBST)	2	PROBST Ersatz-Gummi spitz für Gummihammer GH ERGO, Gummi Schraubbar	081-033 SPITZ	Ersatzgummi spitz für Probst-Gummihammer GH-ERGO.
5689	GaLa-Bau & Tiefbau	11 Baustellen- & Werkstattbedarf	Ersatzteile Gummihammer (PROBST)	2	PROBST Ersatz-Gummi flach für Gummihammer GH ERGO	081-033 FLACH	Ersatzgummi flach für Probst-Gummihammer GH-ERGO.
7240	GaLa-Bau & Tiefbau	11 Baustellen- & Werkstattbedarf	Handwerkzeuge GaLa-Bau	2	Pflastererhammer Berliner Form 1000-2000g, Eschenstiel geschweift		Geschmiedeter Pflastererhammer Berliner Form, vier Gewichtsklassen.
6853	GaLa-Bau & Tiefbau	11 Baustellen- & Werkstattbedarf	Laubbläser	2	Husqvarna Akku Laubbläser 525i B, ohne Akku u. Ladegerät	050-412	Balancierter Akku-Laubbläser mit Tempomat und zuschaltbarem Boost-Modus.
3031	GaLa-Bau & Tiefbau	11 Baustellen- & Werkstattbedarf	PROBST Ersatzteile	2	PROBST Ersatzmesser zu SA/SAH kurz	081-344	Ersatzmesser aus Federstahl für PROBST SZ und SAH.
3032	GaLa-Bau & Tiefbau	11 Baustellen- & Werkstattbedarf	PROBST Ersatzteile	2	PROBST Ersatzmesser für RE / MRE	081-008	Ersatzmesser aus gehärtetem Federstahl für PROBST RE/MRE.
8304	GaLa-Bau & Tiefbau	11 Baustellen- & Werkstattbedarf	Schonhämmer	2	SIMPLEX Schonhammer Ø80mm kurz, TPE-mid / TPE-soft	040-835 80K	Kurzer Schonhammer gegen Anschlagen bei Pflasterarbeiten.
8338	GaLa-Bau & Tiefbau	11 Baustellen- & Werkstattbedarf	Schonhämmer	2	SIMPLEX Schonhammer Ø60mm kurz, TPE-soft / TPE-mid	041-560 60K	Kurzer Schonhammer Ø60 mm gegen Anschlagen bei Pflasterarbeiten.
8374	GaLa-Bau & Tiefbau	11 Baustellen- & Werkstattbedarf	Vorschlaghämmer	3	SIMPLEX-Vorschlaghammer Ø60/80/100 mm Gummikomposition, mit Standfuss		Vorschlaghammer-Topseller mit Standfuss-Einsatz, drei Grössen.
8399	GaLa-Bau & Tiefbau	11 Baustellen- & Werkstattbedarf	Äxte & Spaltwerkzeuge	1	SIMPLEX Spaltaxt mit schlanker Form Ø50mm Länge 765mm	041-590	Spaltaxt und Schonhammer kombiniert, KWF-attestiert.
8402	GaLa-Bau & Tiefbau	11 Baustellen- & Werkstattbedarf	Äxte & Spaltwerkzeuge	1	RUTHE Beil Hickorystiel 800g / 1000 g		Beil mit Hickorystiel für Forst- und Gartenarbeiten.
1323	GaLa-Bau & Tiefbau	13 Lackieren & Beschichten	Rutschhemmende Beschichtung	3	AKEMI AKEPOX® 4050 Anti-Slip Mix		Beschichtet Treppen und Böden rutschfest nach R11.
7235	Gipser & Betonkosmetik	02 Schneiden & Trennen	Diamanttrennscheiben	4	NORTON DTS Ø115mm/22,2mm Mr. Invincible	030-600 115	Universal-Diamanttrennscheibe Ø115mm, nass und trocken, unzerstörbar.
7236	Gipser & Betonkosmetik	02 Schneiden & Trennen	Diamanttrennscheiben	4	NORTON DTS Ø150mm/22,2 Mr. Invincible	030-600 150	Universal-Diamanttrennscheibe Ø150mm, nass und trocken, unzerstörbar.
7309	Gipser & Betonkosmetik	02 Schneiden & Trennen	Winkelschleifer 230V	2	FLEX L 21-6 230 Winkelschleifer	050-562	2100-Watt-Winkelschleifer 230 mm mit Sanftanlauf und Vibrationsdämpfung.
7299	Gipser & Betonkosmetik	03 Bohren & Fräsen	Akku-Bohrhammer SDS-plus	2	FLEX FHE 1-16 18-EC C Bohrhammer	050-526	Kompakter Akku-Bohrhammer für kleinere Bohrungen und Montage.
7282	Gipser & Betonkosmetik	03 Bohren & Fräsen	Akku-Bohrschrauber 18V	2	FLEX Aktion PD 2G 18-EC LD TC/2.5 Set Bohrschrauber	050-482	Kompakter 18-V-Schlagbohrschrauber im Set mit 2 Akkus und Ladegerät.
7212	Gipser & Betonkosmetik	03 Bohren & Fräsen	Kombibohrhammer	2	DUSS Kombibohrhammer PX48 A	050-420	Vibrationsgedämpfter Kombibohrhammer für Bohr- und Meisselarbeiten.
7213	Gipser & Betonkosmetik	03 Bohren & Fräsen	Kombibohrhammer	2	DUSS Kombibohrhammer PX78	050-422	Leistungsstarker Kombibohrhammer für mittelschwere Bohr-/Meisselarbeiten.
5543	Gipser & Betonkosmetik	03 Bohren & Fräsen	Mauernutfräser	3	FERRIX Diamant Frässcheibe Ø125 x22.2 mm / 6 mm	031-900 6	Diamant-Frässcheibe für Mauerschlitze, Segmentbreite 6mm.
5545	Gipser & Betonkosmetik	03 Bohren & Fräsen	Mauernutfräser	3	FERRIX Diamant Frässcheibe Ø125 mm / 10 mm	031-900 10	Diamant-Frässcheibe für Mauerschlitze, Segmentbreite 10mm.
5546	Gipser & Betonkosmetik	03 Bohren & Fräsen	Mauernutfräser	3	FERRIX Diamant Frässcheibe Ø125 mm / 8 mm	031-900 8	Diamant-Frässcheibe für Mauerschlitze, Segmentbreite 8mm.
7398	Gipser & Betonkosmetik	03 Bohren & Fräsen	SDS-plus-Meissel	3	Rennsteig PCS-Meisselsatz für Elektrohämmer SDS plus	040-990	3-teiliges SDS-plus-Meisselset für Elektrohämmer.
7260	Gipser & Betonkosmetik	03 Bohren & Fräsen	Schlagbohrmaschinen	2	DUSS SB13-2RLE-CH 2-Gang Schlagbohrmaschine	050-424	Vielseitige 650-Watt-Schlagbohrmaschine für Bohren, Mischen, Polieren.
7348	Gipser & Betonkosmetik	03 Bohren & Fräsen	Trockenbauschrauber	2	FLEX DW 45 18-EC C Trockenbauschrauber	050-604	Akku-Trockenbauschrauber mit werkzeuglosem Tiefenanschlag.
5544	Gipser & Betonkosmetik	03 Bohren & Fräsen	V-Nutfräser (Rissreparatur)	3	FERRIX Diamant V Fräser Ø125 mm	031-900 12K	V-Nutfräser zur Rissreparatur in Beton und Estrich.
7550	Gipser & Betonkosmetik	04 Schleifen, Kanten & Polieren	Betonschleifer	3	FLEX Aktion LDE 16-8 125 R, Kit Thermo-Super Betonschleifer #FLEX#Bodenbearbeitung	050-642	Betonschleifer mit integrierter Staubabsaugung bis an die Wand.
7564	Gipser & Betonkosmetik	04 Schleifen, Kanten & Polieren	Bodenschleifmaschinen	3	F&B Bodenschleifmaschine MANTA XR MONO	070-210	Bodenschleifmaschine für die Sanierung von Betonflächen im Stehen.
6692	Gipser & Betonkosmetik	04 Schleifen, Kanten & Polieren	Diamant-Schleifteller Beton	4	FERRIX Schleifteller Beton universal 180 x 23mm Aufnahme 22.22mm		Eigenproduktion-Diamantschleifteller für Beton, Kalkstein und Terrazzo.
6693	Gipser & Betonkosmetik	04 Schleifen, Kanten & Polieren	Diamant-Schleifteller Beton	4	FERRIX Schleifteller Beton universal 180mm M14		Eigenproduktion-Diamantschleifteller mit M14-Aufnahme für Beton und Terrazzo.
8400	Gipser & Betonkosmetik	04 Schleifen, Kanten & Polieren	Diamant-Schleiftöpfe	4	FLEX Thermo-Jet Ø 150mm Diamantschleiftopf	050-521	Diamantschleiftopf für Grobschliff mit hoher Abtragsleistung.
6613	Gipser & Betonkosmetik	04 Schleifen, Kanten & Polieren	Giraffen-Schleifmittel	4	FLEX Klett-Schleifvlies Ø225mm A100+A180		Schleifvlies für FLEX Wand- und Deckenschleifer, 10er-Packung.
6647	Gipser & Betonkosmetik	04 Schleifen, Kanten & Polieren	Giraffen-Schleifmittel	4	FLEX Diamant Schleifpad Ø225mm K30-K100		Trockenschliff-Diamantpad für Beton- und Natursteinoberflächen an FLEX-Giraffen.
6638	Gipser & Betonkosmetik	04 Schleifen, Kanten & Polieren	Giraffen-Wandschleifer	2	FLEX GE 6 R-EC Wand- u. Deckenschleifer	050-504	Carbon-Wandschleifer mit 160°-Schwenkkopf für vibrationsfreien Planschliff.
6639	Gipser & Betonkosmetik	04 Schleifen, Kanten & Polieren	Giraffen-Zubehör	2	FLEX GM 340 Giraffen Mobil	050-506	Mobile Führungsstation entlastet den Anwender vom Gewicht der Giraffe.
6933	Gipser & Betonkosmetik	04 Schleifen, Kanten & Polieren	Interface-Pads Trockenbau	3	FLEX Interface Dämpfung IP D225-10 M GE 6 R	050-512	Dämpfungs-Interface für gefühlvolles Glätten von Spachtelflächen.
7314	Gipser & Betonkosmetik	04 Schleifen, Kanten & Polieren	Langhalsschleifer (Giraffe)	2	FLEX Giraffe GE 5 ECO	050-570	Langhalsschleifer für staubarmes Schleifen von Wand und Decke.
6947	Gipser & Betonkosmetik	04 Schleifen, Kanten & Polieren	Schwingschleifer	2	FLEX Schwingschleifer OSE 2-80 EC	050-382	Leichter Schwingschleifer mit Eigenabsaugung, ideal für Über-Kopf.
7900	Gipser & Betonkosmetik	04 Schleifen, Kanten & Polieren	Wand-/Deckenschleifer (Giraffe)	3	FLEX GDE 10 Set Turbo Jet - Sanierungsschleifer Giraffe®	050-746	Giraffe-Wandschleifer mit klickbarem Wechselkopfsystem.
7237	Gipser & Betonkosmetik	06 Kleben, Fugen & Gehrung	1K-MS-Klebstoffe	3	WEISS Cosmo®HD-100.400 Kartusche 310ml, 1-K-MS-Klebstoff	021-170 400K	1K-MS-Klebstoff für elastische Klebefugen, natursteinverträglich.
7305	Gipser & Betonkosmetik	06 Kleben, Fugen & Gehrung	Heissklebesysteme	2	FLEX GG 200 18 Heissklebepistole	050-554	Akku-Heissklebepistole mit 2 Temperaturstufen und LED-Licht.
7475	Gipser & Betonkosmetik	06 Kleben, Fugen & Gehrung	Kartuschenpressen	3	FLEX Kartuschenpresse CG 310 18C	050-622	Akku-Kartuschenpresse mit 3000 N Druckkraft für harte Kleber.
7476	Gipser & Betonkosmetik	06 Kleben, Fugen & Gehrung	Kartuschenpressen	3	FLEX Kartuschenpresse CG 310/600 18	050-624	Akku-Kartuschenpresse mit 3000 N Druckkraft, 6 Drehzahlstufen.
7526	Gipser & Betonkosmetik	06 Kleben, Fugen & Gehrung	Maskierband	3	FERROSIL Klebeband 24mm-50 mm UV 60, gold		UV-beständiges Washi-Klebeband, temperaturbeständig bis 100 Grad.
3460	Gipser & Betonkosmetik	06 Kleben, Fugen & Gehrung	Spachtel & Anwerkzeug	2	Stukkateurspachtel 25mm	100-118	Zweiseitiger Stahlspachtel für Stuck- und Gipsarbeiten.
7980	Gipser & Betonkosmetik	07 Reinigen, Schützen & Reparieren	Abdeckfolien	3	FERROSIL Abdeckfolie Speedymask 2700mm x 17m	100-083 SPEEDY	Abdeckfolie mit integriertem Klebeband, für innen und aussen.
7975	Gipser & Betonkosmetik	07 Reinigen, Schützen & Reparieren	Schutz- & Klebebänder	3	FERROSIL Bautenschutzband 38mm 50m Orange	100-081 BAU38	Bautenschutzband, bis 8 Wochen rückstandsfrei entfernbar.
7979	Gipser & Betonkosmetik	07 Reinigen, Schützen & Reparieren	Schutz- & Klebebänder	3	FERROSIL Langzeitgewebeband 50mm 60Tage	100-081 LANG50	Langzeitgewebeband, bis 60 Tage rückstandsfrei entfernbar.
7987	Gipser & Betonkosmetik	07 Reinigen, Schützen & Reparieren	Schutz- & Klebebänder	3	FERROSIL Klebeband 18mm-48mm x 0.09mm 50m Grün UV30		UV-beständiges Washi-Klebeband, 30 Tage aussentauglich.
7565	Gipser & Betonkosmetik	08 Staub & Absaugung	Absaughauben	3	F&B Absaughaube XR komplett zu MANTA XR MONO	070-212	Absaughaube für die MANTA XR MONO Bodenschleifmaschine.
7353	Gipser & Betonkosmetik	09 Maschinen & Energie (Akku, 230 V, Druckluft, Benzin)	Benzin-Betongeräte	1	Husqvarna BV 20G Handgeführte Glättbohle	050-347	Benzin-Glättbohle 200 cm mit 4-Takt-Honda-Motor.
4257	Gipser & Betonkosmetik	09 Maschinen & Energie (Akku, 230 V, Druckluft, Benzin)	Betonschleifer	3	FLEX LD 18-7 125 R Betonschleifer ø 125 mm	050-022	Betonschleifer mit Staubabsaugung und Überlastungsschutz, 1800 W.
5750	Gipser & Betonkosmetik	09 Maschinen & Energie (Akku, 230 V, Druckluft, Benzin)	Betonschleifer / Bodenschleifmaschinen	2	FLEX  LD 24-6 180 Betonschleifer	050-021	230V-Betonschleifer mit Staubabsaughaube für grossflächiges Abtragen von Altbeton.
6007	Gipser & Betonkosmetik	09 Maschinen & Energie (Akku, 230 V, Druckluft, Benzin)	Polierer 230V	2	FLEX Polierer PE 14-2 150 variabel	050-262	230V-Polierer mit stufenloser Drehzahl bis Ø200mm Polierkörper.
5749	Gipser & Betonkosmetik	09 Maschinen & Energie (Akku, 230 V, Druckluft, Benzin)	Rührwerke	2	FLEX R 2602 Rührmaschine	050-015	Robuste 230V-Rührmaschine zum Anrühren von Gips, Putz und Zement.
7244	Gipser & Betonkosmetik	09 Maschinen & Energie (Akku, 230 V, Druckluft, Benzin)	Rührwerke	2	FLEX 2-Gang Rührer 1200 Watt MXE 1202 AKTIONSSET	050-458	Kraftvolles 2-Gang-Rührwerk für bis zu 60 kg zähe Mischgüter.
5618	Gipser & Betonkosmetik	09 Maschinen & Energie (Akku, 230 V, Druckluft, Benzin)	Sanierungsschleifer (230V)	2	FLEX Aktion LD 24-6 180	050-000 AKT04	Kraftvoller Sanierungsschleifer mit integrierter Staubabsaugung.
7239	Gipser & Betonkosmetik	09 Maschinen & Energie (Akku, 230 V, Druckluft, Benzin)	Trockenbauschrauber-Zubehör	3	FLEX Schraubmagazinvorsatz M-DW 55	050-468	Schraubmagazinvorsatz für gegurtete Schrauben, 360° drehbar.
5529	Gipser & Betonkosmetik	09 Maschinen & Energie (Akku, 230 V, Druckluft, Benzin)	Winkelschleifer (230V)	2	FLEX Aktion Winkelschleifer Set LBE 17-11 inkl. L12-11	050-000 AKT01	Zwei-Maschinen-Set mit Bremse und Anti-Kickback-Schutz.
7384	Gipser & Betonkosmetik	11 Baustellen- & Werkstattbedarf	Gipserwerkzeuge	2	RUTHE Gipserbeil Stahlrohr VPA	040-841	Gipserbeil mit Nagelzug und geschliffener Schneide.
4697	Gipser & Betonkosmetik	13 Lackieren & Beschichten	Betonpigmente	3	PULVERFARBE OXYD SCHWARZ 500 1 Kilogramm	020-260	Wetterfestes Oxidpigment zum Einfärben von Beton und Putz.
